longitude,latitude,M13_log
-116.600334,32.45602,0.8071592
-116.60965,32.45485,0.7926205
-110.57308,33.096054,0.90668106
-110.571304,33.089813,1.0119979
-110.92939,33.470478,1.1231823
-110.87417,33.48496,0.99120307
-110.87487,33.494934,1.943229
-110.88941,33.493748,1.7975641
-110.90289,33.49265,0.7999163
-110.92423,33.466316,0.8598707
-110.91081,33.4773,0.7999163
-110.869225,33.490414,1.5441927
-110.883804,33.489326,1.8356949
-110.89753,33.48831,1.4424964
-110.88482,33.49928,0.99120307
-110.60115,33.53047,2.0955353
-110.60844,33.529934,1.6886432
-110.60262,33.540554,0.8356173
-110.60968,33.54003,2.0254853
-110.61715,33.53948,1.2490776
-110.6246,33.538925,0.8460837
-110.7495,33.570026,0.9730281
-110.73606,33.58119,1.4982591
-110.748245,33.58025,2.308854
-110.760376,33.579292,2.122043
-110.70787,33.593533,0.9699666
-110.72188,33.59243,3.153446
-110.7358,33.59134,4.376884
-110.74745,33.590424,3.0826044
-110.759514,33.58948,2.0339859
-110.773186,33.588406,0.8666935
-110.72247,33.602516,1.0178608
-110.735794,33.601463,3.7446604
-110.747086,33.60058,3.070669
-110.75918,33.599625,1.4074825
-110.77262,33.598553,1.4763258
-110.716156,33.587284,1.0965235
-110.72986,33.586304,3.2770786
-110.74303,33.58535,2.348256
-110.75454,33.584522,2.9363403
-110.767586,33.583588,0.8356173
-110.71591,33.59743,1.1465822
-110.730255,33.596394,4.266204
-110.74248,33.595505,4.2719765
-110.75397,33.594666,2.386908
-110.76718,33.593708,1.1362498
-110.74225,33.605637,1.1967013
-110.76667,33.60385,1.6125945
-111.723785,34.05926,0.89352876
-112.557785,34.02679,0.8460837
-117.16015,34.464264,0.8035443
-117.169945,34.46307,0.7999163
-117.15156,34.4726,0.8071592
-117.1528,34.479733,0.81434995
-117.156555,34.501152,0.8107611
-117.15784,34.508286,0.8356173
-117.159096,34.51542,0.84954834
-117.16893,34.51419,0.8179261
-117.15056,34.523777,0.81434995
-117.16036,34.522545,0.83210397
-117.17019,34.521328,0.83210397
-117.151825,34.530907,0.7926205
-117.16165,34.52968,0.8071592
-117.171455,34.528454,0.7926205
-116.95848,34.584297,0.85300094
-116.99897,34.57925,0.8107611
-116.99655,34.576782,0.8071592
-117.21379,34.550514,0.8107611
-116.94737,34.59002,0.8179261
-116.95736,34.58882,0.89352876
-117.234924,34.555206,0.7926205
-116.94875,34.59721,0.81434995
-116.958694,34.596012,0.8700876
-116.96871,34.59481,0.8666935
-116.978775,34.593597,0.8632879
-116.98902,34.59237,0.83210397
-117.00946,34.589912,0.8071592
-117.20658,34.565952,0.8107611
-117.21651,34.56474,0.83210397
-116.95017,34.604393,0.7999163
-116.960075,34.603207,0.84954834
-116.97005,34.601994,0.85300094
-116.98008,34.600792,0.8179261
-117.20793,34.573067,0.8107611
-117.21785,34.571846,0.81434995
-116.96144,34.610397,0.8179261
-116.971375,34.60919,0.8868872
-116.98138,34.607983,0.85300094
-117.11108,34.592216,0.8071592
-117.12115,34.590992,0.7999163
-117.19938,34.5814,0.8035443
-117.63307,34.527294,0.8356173
-116.98266,34.615173,0.8035443
-117.1025,34.60058,0.8071592
-117.11237,34.599373,0.8179261
-117.615395,34.536694,0.84954834
-117.62486,34.535503,0.8356173
-117.634315,34.5343,0.85644174
-117.64377,34.533096,0.8391183
-116.983986,34.62236,0.85300094
-117.103905,34.607716,0.81434995
-117.113716,34.606518,0.82857835
-117.123604,34.605305,0.7926205
-117.597664,34.54612,0.8179261
-117.607155,34.544918,0.842607
-117.61664,34.543716,0.8666935
-117.62611,34.54251,0.842607
-117.63556,34.541313,0.8632879
-117.64501,34.540104,0.8460837
-116.985306,34.629547,0.82857835
-117.59891,34.55314,0.842607
-117.6084,34.551937,0.85300094
-117.61788,34.550724,0.8700876
-117.62734,34.54951,0.82857835
-117.63681,34.548313,0.8666935
-117.64626,34.547108,0.8768413
-117.65571,34.54591,0.83210397
-116.98663,34.636738,0.8356173
-116.996605,34.635517,0.8071592
-117.09706,34.62318,0.8071592
-117.21434,34.608685,0.7999163
-117.504814,34.57227,0.796275
-117.60015,34.560158,0.8734701
-117.60966,34.55895,0.8598707
-117.61913,34.557743,0.8734701
-117.6286,34.556526,0.8598707
-117.638054,34.55533,0.85300094
-117.64752,34.554115,0.85300094
-117.65696,34.552906,0.8391183
-117.66639,34.5517,0.8071592
-116.988,34.643917,0.8107611
-116.997955,34.6427,0.81434995
-117.00793,34.64148,0.8179261
-117.22547,34.614574,0.796275
-117.50604,34.579308,0.8071592
-117.59191,34.568386,0.8632879
-117.6014,34.567177,0.8734701
-117.610916,34.565968,0.85644174
-117.62038,34.564754,0.8734701
-117.62986,34.563538,0.85644174
-117.63931,34.56233,0.85300094
-117.648766,34.561123,0.85644174
-117.65822,34.559906,0.8356173
-116.99931,34.649883,0.8214895
-117.009285,34.648655,0.82504016
-117.029335,34.64618,0.8214895
-117.50731,34.586357,0.8107611
-117.51688,34.58514,0.796275
-117.56462,34.579056,0.85300094
-117.57414,34.577835,0.82857835
-117.593155,34.575413,0.8802012
-117.60266,34.574192,0.8768413
-117.61215,34.572983,0.8700876
-117.621635,34.571766,0.8768413
-117.63112,34.57054,0.8632879
-117.64057,34.56934,0.85300094
-117.650024,34.568127,0.8632879
-117.65948,34.56691,0.8356173
-117.00075,34.65705,0.8107611
-117.01067,34.655827,0.8107611
-117.020645,34.6546,0.8666935
-117.03066,34.653362,0.8666935
-117.04074,34.65211,0.85644174
-117.05092,34.650852,0.7926205
-117.50857,34.5934,0.7999163
-117.51813,34.592182,0.7926205
-117.52771,34.59096,0.796275
-117.556366,34.5873,0.8700876
-117.56587,34.586086,0.8835497
-117.57539,34.58487,0.8356173
-117.584915,34.583645,0.82857835
-117.59442,34.582428,0.8666935
-117.603935,34.581215,0.8632879
-117.61341,34.579994,0.85644174
-117.622894,34.578773,0.8632879
-117.63236,34.57756,0.8632879
-117.64184,34.576344,0.842607
-117.651276,34.57513,0.8460837
-117.66073,34.573917,0.83210397
-117.67016,34.5727,0.8071592
-117.67958,34.571484,0.7926205
-117.0321,34.66052,0.85644174
-117.04208,34.659283,0.8598707
-117.05216,34.658028,0.8460837
-117.50983,34.60045,0.8071592
-117.51939,34.599224,0.796275
-117.52896,34.598,0.84954834
-117.538536,34.596775,0.85300094
-117.54807,34.595554,0.8734701
-117.557594,34.594334,0.90668106
-117.56715,34.593113,0.9099423
-117.57665,34.5919,0.85644174
-117.58616,34.59067,0.85644174
-117.59568,34.589447,0.8632879
-117.60518,34.588226,0.85300094
-117.61467,34.587006,0.8460837
-117.62416,34.585785,0.8460837
-117.63363,34.58457,0.85300094
-117.64312,34.58335,0.82857835
-117.652565,34.58213,0.85644174
-117.66199,34.58092,0.84954834
-117.67144,34.579697,0.8356173
-117.680855,34.578484,0.7926205
-117.05354,34.665188,0.8179261
-117.5015,34.608715,0.8035443
-117.51109,34.607487,0.7999163
-117.530235,34.605038,0.8035443
-117.53978,34.60381,0.8356173
-117.54933,34.602585,0.8214895
-117.55887,34.601364,0.82504016
-117.56839,34.60014,0.85644174
-117.57791,34.59892,0.8214895
-117.58743,34.597694,0.8460837
-117.59694,34.59647,0.8598707
-117.606445,34.595245,0.8179261
-117.61593,34.59403,0.8391183
-117.625404,34.592808,0.82504016
-117.63489,34.59158,0.8107611
-117.65382,34.58914,0.84954834
-117.66326,34.587914,0.85644174
-117.6727,34.586697,0.82504016
-117.37761,34.631744,0.7926205
-117.387276,34.63051,0.796275
-117.40658,34.62805,0.796275
-117.483574,34.61822,0.7999163
-117.49319,34.61699,0.8214895
-117.50279,34.615753,0.8071592
-117.512436,34.614525,0.796275
-117.53157,34.612057,0.81434995
-117.54104,34.610847,0.82504016
-117.550575,34.60962,0.8071592
-117.56012,34.6084,0.83210397
-117.56966,34.60717,0.8107611
-117.57918,34.605938,0.8035443
-117.588684,34.604725,0.8071592
-117.598206,34.603493,0.81434995
-117.607704,34.602264,0.8107611
-117.61718,34.60104,0.81434995
-117.636154,34.598595,0.8107611
-117.655075,34.59614,0.83210397
-117.66453,34.594925,0.85300094
-117.67396,34.5937,0.83210397
-117.692795,34.591263,0.7999163
-117.378876,34.638824,0.8035443
-117.388535,34.63759,0.796275
-117.39821,34.636353,0.8071592
-117.40787,34.635128,0.8179261
-117.41751,34.63389,0.8035443
-117.475235,34.626503,0.7999163
-117.48487,34.625263,0.81434995
-117.4945,34.62403,0.8035443
-117.54235,34.617874,0.7926205
-117.55184,34.61665,0.8107611
-117.599464,34.61051,0.8071592
-117.608955,34.60928,0.8179261
-117.61847,34.60805,0.7999163
-117.65636,34.603146,0.82857835
-117.66579,34.60192,0.82504016
-117.37675,34.63831,0.8071592
-117.38643,34.63711,0.8035443
-117.3961,34.635925,0.8107611
-117.40576,34.634735,0.8179261
-117.415436,34.63354,0.8107611
-117.47326,34.626392,0.796275
-117.48289,34.6252,0.8214895
-117.49253,34.623997,0.8179261
-117.540504,34.618042,0.796275
-117.55,34.61685,0.8179261
-117.60721,34.60972,0.8214895
-117.61671,34.608532,0.81434995
-117.654655,34.60378,0.82504016
-117.664116,34.602585,0.8391183
-117.67358,34.6014,0.7999163
-117.17314,34.67047,0.796275
-117.36829,34.646587,0.7926205
-117.37801,34.64539,0.796275
-117.3877,34.644196,0.7926205
-117.40703,34.64181,0.8035443
-117.4167,34.640617,0.796275
-117.46493,34.63464,0.8071592
-117.47458,34.633446,0.8107611
-117.48424,34.63224,0.8107611
-117.4939,34.63104,0.7926205
-116.435616,34.765175,0.796275
-116.446175,34.763954,0.8071592
-117.164665,34.678795,0.8035443
-117.174446,34.67761,0.7999163
-117.37927,34.652477,0.8071592
-117.38896,34.651276,0.796275
-117.45662,34.642895,0.8179261
-117.46626,34.64169,0.8107611
-117.48562,34.639282,0.7999163
-117.49524,34.63809,0.7999163
-117.54313,34.63211,0.7926205
-117.55258,34.630924,0.796275
-117.60975,34.623753,0.796275
-117.638275,34.620163,0.7926205
-117.64771,34.61898,0.7926205
-117.553925,34.637943,0.8179261
-117.57294,34.635567,0.8035443
-117.55526,34.64497,0.83210397
-117.56474,34.64378,0.8179261
-117.66928,34.63058,0.8071592
-117.678734,34.62939,0.796275
-117.30557,34.68335,0.796275
-117.54716,34.65319,0.7999163
-117.55661,34.651993,0.82504016
-117.56608,34.650806,0.85644174
-117.57555,34.649612,0.8035443
-117.65165,34.64,0.796275
-117.30679,34.690456,0.7926205
-117.31639,34.68926,0.7999163
-117.5391,34.6614,0.82857835
-117.54854,34.66021,0.82504016
-117.557976,34.65901,0.8356173
-117.56742,34.65783,0.842607
-117.5769,34.65663,0.8214895
-117.58638,34.655434,0.7999163
-117.643425,34.648205,0.7926205
-117.30802,34.69757,0.8179261
-117.50204,34.673275,0.7999163
-117.53103,34.669624,0.8179261
-117.540504,34.66842,0.8214895
-117.549934,34.667233,0.83210397
-117.55937,34.66604,0.8356173
-117.56879,34.66485,0.82857835
-117.57825,34.663643,0.7999163
-117.587715,34.66245,0.7999163
-117.635216,34.65642,0.7926205
-117.2112,34.71686,0.8107611
-117.29961,34.705875,0.8035443
-117.309235,34.70468,0.7926205
-117.53245,34.676643,0.81434995
-117.541916,34.67544,0.82504016
-117.55134,34.674255,0.82857835
-117.56074,34.673065,0.842607
-117.57016,34.671864,0.8356173
-117.57961,34.67067,0.8035443
-117.202614,34.72522,0.8071592
-117.21239,34.72401,0.8071592
-117.310455,34.711792,0.7926205
-117.3201,34.710583,0.796275
-117.32969,34.70939,0.8071592
-117.543304,34.68247,0.8071592
-117.55272,34.68127,0.8035443
-117.56212,34.68008,0.81434995
-117.57152,34.678886,0.8107611
-117.580956,34.677685,0.796275
-117.16463,34.73723,0.796275
-117.174515,34.736,0.796275
-117.184296,34.734783,0.7926205
-117.203804,34.732357,0.82504016
-117.213615,34.73115,0.8035443
-117.32131,34.717705,0.8071592
-117.54467,34.689487,0.7999163
-117.57288,34.6859,0.796275
-117.58232,34.6847,0.7926205
-117.59174,34.6835,0.7926205
-117.61064,34.68109,0.7926205
-117.19527,34.74073,0.7926205
-117.20505,34.739517,0.7999163
-117.33216,34.7236,0.796275
-117.5837,34.691715,0.7999163
-117.59312,34.690517,0.796275
-117.621414,34.6869,0.7926205
-117.2553,34.74053,0.8071592
-117.26521,34.73928,0.796275
-117.58512,34.69872,0.7926205
-117.15068,34.77553,0.7999163
-117.16058,34.774296,0.8071592
-117.14837,34.773357,0.7999163
-117.15829,34.77216,0.8035443
-117.168205,34.770958,0.7999163
-117.149605,34.780514,0.7926205
-117.15951,34.779324,0.8035443
-116.48565,34.881447,0.796275
-116.518394,34.88516,0.7926205
-116.528885,34.883934,0.7926205
-116.539375,34.882713,0.7999163
-118.26258,34.668495,0.8179261
-116.51974,34.89253,0.8179261
-116.53032,34.891277,0.8071592
-116.54084,34.890045,0.8214895
-116.55122,34.888832,0.8071592
-118.61539,34.6354,0.9971887
-116.384895,34.92337,0.796275
-116.50123,34.90974,0.796275
-117.87083,34.74082,0.7926205
-118.59931,34.64454,1.3895048
-118.60799,34.64336,3.5128322
-118.616684,34.642185,3.4674497
-118.62555,34.640976,4.127749
-117.87214,34.747776,0.7926205
-118.60936,34.650146,0.8802012
-118.618256,34.64894,2.3152637
-118.62726,34.647717,4.1252685
-118.63638,34.64648,1.3834395
-116.48248,34.92701,0.7926205
-116.493004,34.925774,0.8071592
-116.50356,34.92452,0.796275
-118.61995,34.655666,0.91319287
-118.6289,34.65446,2.039262
-116.50472,34.931908,0.7926205
-116.51528,34.93065,0.8179261
-117.11209,34.85833,0.7926205
-118.63943,34.659985,2.6558044
-116.50593,34.939293,0.7926205
-116.51651,34.938034,0.8179261
-117.37064,34.833355,0.8071592
-117.50626,34.816193,0.7926205
-117.88522,34.767456,0.7926205
-118.62283,34.669205,2.0028217
-118.63175,34.667995,1.6380681
-116.48604,34.9492,0.8071592
-116.49655,34.947937,0.7926205
-118.624374,34.67596,1.5864547
-118.63303,34.67478,1.2765307
-115.91596,35.023586,0.7926205
-116.49771,34.955345,0.8214895
-116.508286,34.954075,0.7999163
-118.62596,34.68271,1.4928207
-115.917244,35.031197,0.796275
-116.49886,34.96274,0.796275
-116.50944,34.961468,0.8035443
-116.61492,34.948765,0.796275
-116.62543,34.947495,0.796275
-118.54747,34.700375,0.8460837
-118.62752,34.689453,0.9730281
-116.494255,34.957645,0.8035443
-116.50486,34.956432,0.8179261
-116.81908,34.920006,0.7926205
-118.62648,34.693203,0.9356562
-118.63492,34.69206,1.3854654
-118.64361,34.6909,1.2787849
-115.912575,35.030464,0.796275
-116.506004,34.963833,0.81434995
-116.611725,34.951633,0.7926205
-118.619415,34.701115,0.8107611
-118.63661,34.698803,1.3185135
-118.64544,34.69762,1.0829227
-116.507126,34.971233,0.8071592
-116.862625,34.929703,0.8035443
-116.87282,34.928486,0.8107611
-116.954926,34.918743,0.7926205
-116.96502,34.917534,0.7926205
-116.97514,34.91632,0.8107611
-116.98524,34.915115,0.7926205
-117.72978,34.823734,0.7926205
-117.739235,34.822536,0.8035443
-117.7957,34.8154,0.7926205
-118.63832,34.705536,1.2467554
-118.64723,34.70435,1.1258094
-116.87418,34.935738,0.7999163
-116.9664,34.92475,0.7926205
-117.74049,34.82954,0.8035443
-118.64883,34.711098,2.0935435
-118.657585,34.709915,1.7799875
-116.12853,35.029556,0.8107611
-116.91642,34.93811,0.7926205
-116.9472,34.93443,0.8071592
-116.95748,34.9332,0.82504016
-117.00815,34.927116,0.8179261
-117.01815,34.92591,0.7926205
-117.03839,34.923473,0.7999163
-117.71345,34.840122,0.7926205
-117.74175,34.836536,0.7926205
-118.65902,34.71668,1.2922039
-116.89735,34.94779,0.796275
-116.90757,34.946568,0.8071592
-116.91777,34.945343,0.7999163
-116.94851,34.941658,0.7999163
-117.00967,34.934303,0.8035443
-117.019585,34.93311,0.8107611
-117.02966,34.931885,0.8071592
-117.03976,34.930668,0.8035443
-116.898834,34.955017,0.7999163
-116.90896,34.953804,0.8071592
-116.91912,34.95258,0.8179261
-116.94982,34.94888,0.82504016
-116.97049,34.9464,0.7999163
-116.99116,34.943905,0.7926205
-117.01121,34.941483,0.7926205
-117.02107,34.940277,0.8179261
-117.03107,34.939075,0.8214895
-117.04112,34.93786,0.842607
-117.05119,34.93664,0.83210397
-116.92053,34.95981,0.8107611
-116.93075,34.958572,0.83210397
-116.95117,34.956112,0.7999163
-116.96144,34.954865,0.8179261
-116.971756,34.95362,0.8214895
-117.0325,34.946266,0.842607
-117.042534,34.945045,0.8391183
-117.05256,34.943832,0.83210397
-116.76711,34.985634,0.7926205
-116.91179,34.968254,0.8071592
-116.942375,34.964565,0.8071592
-116.97305,34.96085,0.7926205
-117.034004,34.953434,0.7926205
-117.04397,34.952232,0.8391183
-117.053925,34.95101,0.83210397
-117.06388,34.949802,0.7999163
-117.133934,34.94124,0.84954834
-105.8429,35.808186,2.4495802
-105.856094,35.8078,1.7908404
-116.75777,34.994205,0.81434995
-116.92337,34.97425,0.8035443
-116.984665,34.966816,0.7926205
-117.04547,34.95941,0.8107611
-117.05534,34.958202,0.83210397
-117.06522,34.956993,0.8071592
-105.84403,35.821545,2.2753444
-105.855316,35.82121,1.9339172
-116.706924,35.00774,0.7926205
-116.71733,35.006508,0.7999163
-116.74854,35.00276,0.7999163
-116.75901,35.001507,0.82504016
-116.98596,34.974033,0.7926205
-117.05678,34.965374,0.8071592
-117.066574,34.964176,0.8179261
-116.74979,35.010067,0.796275
-116.760254,35.008816,0.8179261
-117.007645,34.97876,0.8071592
-115.94869,35.111588,0.7926205
-116.604935,35.034916,0.8071592
-116.61541,35.03366,0.8071592
-116.62585,35.032413,0.796275
-116.74066,35.018635,0.7926205
-116.7615,35.016113,0.8107611
-116.150894,35.096012,0.7999163
-116.16211,35.094707,0.7999163
-116.595825,35.043507,0.796275
-116.606285,35.042263,0.7999163
-116.63761,35.038498,0.8035443
-116.91882,35.004402,0.7926205
-116.9696,34.998184,0.7999163
-116.97975,34.996937,0.796275
-117.0204,34.99193,0.796275
-117.07053,34.985752,0.7926205
-115.94002,35.12807,0.7999163
-115.95115,35.126797,0.7926205
-115.99594,35.121643,0.81434995
-116.11882,35.10741,0.796275
-116.12992,35.106117,0.796275
-116.14105,35.104824,0.8071592
-116.15219,35.103523,0.7926205
-116.17459,35.100906,0.7999163
-116.607666,35.049595,0.8071592
-116.61812,35.048336,0.7999163
-116.62851,35.047092,0.8107611
-116.63889,35.045845,0.8107611
-116.64929,35.044594,0.7999163
-116.79566,35.026863,0.7926205
-116.98114,35.004147,0.8071592
-117.02174,34.999134,0.796275
-115.93022,35.13694,0.81434995
-115.963554,35.133114,0.7999163
-115.97485,35.131805,0.796275
-115.997444,35.12918,0.7999163
-116.13122,35.11365,0.8071592
-116.142395,35.11234,0.81434995
-116.60903,35.05694,0.796275
-116.6195,35.055676,0.796275
-116.640205,35.053173,0.8035443
-116.65057,35.05193,0.8071592
-116.660995,35.050667,0.7999163
-116.786224,35.035458,0.8214895
-116.79677,35.034172,0.7999163
-118.04619,34.87558,0.796275
-118.055405,34.87436,0.7926205
-115.93665,35.126816,0.8035443
-115.94779,35.12559,0.796275
-115.9591,35.12436,0.7999163
-115.99266,35.12068,0.8107611
-116.11569,35.10713,0.796275
-116.13797,35.104656,0.8071592
-116.1491,35.10342,0.7926205
-116.1603,35.10217,0.7926205
-116.17155,35.100933,0.796275
-116.605576,35.05182,0.7999163
-116.61603,35.050613,0.7999163
-116.626465,35.049404,0.8071592
-116.636856,35.048206,0.8107611
-116.64724,35.047005,0.8107611
-116.65769,35.0458,0.796275
-116.78315,35.03123,0.7926205
-116.79376,35.03,0.8179261
-116.98994,35.006924,0.796275
-117.02042,35.003307,0.796275
-118.04515,34.876812,0.7999163
-118.05437,34.875626,0.7999163
-115.92685,35.135635,0.8107611
-115.93791,35.13442,0.7926205
-115.97152,35.130722,0.7926205
-115.98288,35.129486,0.81434995
-115.99416,35.128235,0.7999163
-116.00505,35.12705,0.796275
-116.12812,35.11342,0.8071592
-116.139305,35.112175,0.81434995
-116.150444,35.110935,0.7999163
-116.585976,35.06158,0.796275
-116.59648,35.06037,0.796275
-116.61746,35.05795,0.796275
-116.63822,35.055546,0.796275
-116.64857,35.054344,0.8107611
-116.65899,35.053135,0.8107611
-116.78434,35.03854,0.8214895
-116.80546,35.036064,0.796275
-105.83988,35.81723,2.69152
-105.85177,35.816936,2.850348
-115.917206,35.14444,0.8035443
-115.92816,35.143238,0.8035443
-115.96136,35.13958,0.8179261
-115.972595,35.13834,0.8391183
-116.00645,35.13461,0.8071592
-116.660355,35.060467,0.7926205
-116.67072,35.059265,0.8071592
-116.78552,35.04584,0.796275
-116.806564,35.043373,0.796275
-116.95206,35.02619,0.7926205
-116.99279,35.021343,0.8035443
-117.09321,35.009323,0.8035443
-115.95148,35.14842,0.8356173
-115.96259,35.147182,0.84954834
-115.97377,35.145947,0.8107611
-115.985176,35.14469,0.7926205
-116.68244,35.065372,0.7926205
-116.69288,35.064156,0.7926205
-116.943306,35.03462,0.7926205
-116.953545,35.033405,0.796275
-116.994286,35.02854,0.8035443
-115.796394,35.173244,0.7926205
-115.80758,35.17202,0.8179261
-115.818886,35.17078,0.796275
-115.952736,35.156013,0.82504016
-115.96388,35.154778,0.82504016
-115.97508,35.153534,0.8071592
-115.98633,35.152283,0.7926205
-115.99757,35.15104,0.7926205
-116.00878,35.149784,0.8035443
-116.01996,35.148544,0.7926205
-116.199455,35.128418,0.7926205
-116.21026,35.127193,0.7926205
-116.59032,35.083607,0.7999163
-116.6631,35.075115,0.796275
-116.673386,35.07392,0.7999163
-116.81936,35.056732,0.7999163
-116.95513,35.040604,0.8071592
-115.79776,35.180893,0.796275
-115.808876,35.179672,0.83210397
-115.8202,35.17842,0.8071592
-115.94289,35.164856,0.8071592
-115.954,35.163624,0.796275
-115.965164,35.16238,0.8035443
-116.16702,35.139732,0.796275
-115.94417,35.17245,0.8179261
-115.955315,35.171204,0.8107611
-116.1794,35.14599,0.8214895
-116.190605,35.14472,0.82857835
-116.20182,35.143444,0.796275
-116.180695,35.153503,0.7926205
-115.80157,35.203857,0.84954834
-115.812744,35.202625,0.82504016
-115.980286,35.18389,0.7926205
-116.89758,35.077103,0.7999163
-118.64677,34.853863,0.7926205
-118.65565,34.852665,0.8179261
-115.734726,35.219086,0.8107611
-115.791595,35.21277,0.7926205
-115.97037,35.19274,0.8035443
-115.98157,35.191483,0.7926205
-116.172134,35.1698,0.81434995
-118.648186,34.860645,0.8071592
-118.65707,34.85944,0.82504016
-115.73597,35.22677,0.7999163
-115.74725,35.225517,0.82504016
-115.97164,35.20034,0.7926205
-115.98283,35.199078,0.7926205
-116.01638,35.19527,0.8035443
-116.02755,35.193993,0.796275
-116.18456,35.176037,0.7999163
-116.87921,35.094154,0.796275
-117.13351,35.06317,0.7926205
-115.96172,35.20921,0.7999163
-115.97289,35.207935,0.7926205
-115.984085,35.20667,0.7926205
-116.10718,35.1926,0.7926205
-116.11845,35.191307,0.7926205
-116.12976,35.190018,0.796275
-116.880615,35.101406,0.8107611
-115.92941,35.22062,0.7926205
-115.96295,35.216812,0.796275
-115.97415,35.215534,0.8035443
-116.04123,35.207882,0.7926205
-116.131096,35.19754,0.8035443
-116.15487,35.20247,0.8107611
-116.166084,35.201176,0.7926205
-116.122574,35.2139,0.7999163
-116.15634,35.209972,0.8035443
-116.16753,35.208664,0.7926205
-116.79231,35.14186,0.796275
-116.16414,35.208977,0.8071592
-117.17874,35.099266,0.796275
-117.24804,35.090908,0.7926205
-116.12181,35.229015,0.8035443
-117.17019,35.10762,0.8035443
-117.18027,35.10642,0.8035443
-116.95995,35.14016,0.8035443
-117.23104,35.107594,0.8071592
-116.10132,35.24668,0.796275
-116.112915,35.24539,0.7999163
-116.95107,35.148605,0.796275
-116.96125,35.14739,0.7999163
-116.97139,35.14618,0.7926205
-117.75838,35.04959,0.7999163
-117.824844,35.041187,0.796275
-116.96258,35.154625,0.8071592
-117.75971,35.0566,0.7999163
-116.97395,35.16067,0.8179261
-117.05514,35.150894,0.8179261
-116.97524,35.167896,0.7926205
-116.98527,35.16669,0.7999163
-116.25327,35.260166,0.8071592
-116.26409,35.258923,0.8035443
-116.27494,35.257683,0.796275
-116.29673,35.255184,0.796275
-116.30762,35.25393,0.7926205
-116.94632,35.17877,0.7999163
-116.95648,35.17755,0.7999163
-116.97651,35.17514,0.7926205
-116.986496,35.17394,0.8107611
-117.006836,35.17147,0.7926205
-116.2761,35.265182,0.8179261
-116.28699,35.263924,0.8035443
-116.30881,35.261425,0.8107611
-117.01823,35.177486,0.7926205
-117.35772,35.135838,0.7926205
-116.27726,35.272686,0.82504016
-116.288284,35.271408,0.7926205
-116.310074,35.268894,0.8107611
-116.99024,35.195656,0.8035443
-116.991486,35.202892,0.7926205
-116.983864,35.218613,0.8071592
-116.99391,35.217392,0.8071592
-116.99229,35.22123,0.7999163
-117.00244,35.220024,0.8035443
-116.16911,35.330585,0.7926205
-116.258644,35.32058,0.7926205
-116.19232,35.335655,0.796275
-116.20352,35.334404,0.7926205
-116.214836,35.333145,0.8035443
-116.20474,35.341938,0.7999163
-116.205986,35.34947,0.81434995
-116.217224,35.348194,0.8179261
-116.228485,35.346924,0.7926205
-116.21847,35.355724,0.796275
-117.005005,35.293633,0.7999163
-117.017845,35.306866,0.796275
-117.04935,35.322132,0.796275
-117.05951,35.320923,0.796275
-117.07234,35.334156,0.7999163
-117.082504,35.332954,0.7926205
-117.083824,35.34017,0.81434995
-117.08518,35.347378,0.8107611
-117.095345,35.34616,0.8071592
-117.602196,35.28433,0.81434995
-117.61195,35.283123,0.7926205
-117.08655,35.354588,0.796275
-117.603546,35.291393,0.8035443
-117.67161,35.2829,0.81434995
-117.08797,35.36179,0.7926205
-117.57551,35.302105,0.8035443
-117.58531,35.30089,0.7926205
-117.643875,35.29358,0.8214895
-117.65359,35.292362,0.8071592
-117.6633,35.291145,0.8035443
-117.67301,35.289925,0.8214895
-117.682724,35.28871,0.8035443
-117.635544,35.301838,0.7926205
-117.64527,35.300617,0.8107611
-117.65498,35.2994,0.8071592
-117.664696,35.298176,0.82504016
-117.67442,35.29695,0.7999163
-117.68414,35.295742,0.8214895
-117.646675,35.30766,0.8107611
-117.6564,35.306435,0.83210397
-117.666115,35.305218,0.81434995
-117.67586,35.30398,0.7999163
-117.68558,35.302757,0.7999163
-117.63836,35.315918,0.796275
-117.65785,35.313465,0.7926205
-117.778564,35.33413,0.8071592
-117.759575,35.350563,0.796275
-117.75124,35.358803,0.81434995
-117.760765,35.35761,0.8179261
-117.817894,35.35046,0.7926205
-117.75245,35.36584,0.7999163
-117.76199,35.364647,0.8071592
-117.771545,35.363457,0.796275
-117.7251,35.37645,0.7926205
-117.75371,35.372875,0.8035443
-117.76325,35.371677,0.8107611
-117.77281,35.37048,0.8214895
-117.78233,35.369286,0.796275
-117.81095,35.365685,0.7999163
-117.82049,35.364494,0.796275
-117.754974,35.37991,0.796275
-117.764534,35.378708,0.796275
-117.774086,35.377506,0.7999163
-117.783646,35.3763,0.796275
-117.71806,35.391743,0.8107611
-117.7276,35.390545,0.8035443
-117.73716,35.38934,0.8035443
-117.74673,35.388138,0.7926205
-117.75627,35.386948,0.8035443
-117.78494,35.38332,0.796275
-117.68488,35.42475,0.7926205
-117.71364,35.421124,0.7999163
-117.72323,35.419914,0.7926205
-117.74245,35.41748,0.7926205
-117.73586,35.432716,0.7999163
-116.04337,35.65181,0.796275
-116.054474,35.65054,0.796275
-116.04488,35.659378,0.8214895
-116.05587,35.65813,0.8632879
-116.06698,35.656864,0.82504016
-116.05067,35.649864,0.7926205
-116.04113,35.658653,0.8035443
-116.0521,35.65745,0.85300094
-116.0632,35.65624,0.8391183
-117.03981,35.54548,0.7926205
-116.019775,35.668736,0.8107611
-116.04277,35.66623,0.7926205
-116.05364,35.665047,0.8107611
-116.48896,35.624165,0.7999163
-117.00118,35.564857,0.7926205
-116.06733,35.679024,0.8035443
-116.36803,35.645466,0.796275
-116.39003,35.642982,0.7926205
-116.489914,35.631645,0.8071592
-116.9717,35.57576,0.8035443
-116.38023,35.65173,0.7926205
-116.391235,35.65048,0.796275
-116.381454,35.65922,0.8071592
-116.39247,35.657963,0.7999163
-116.48124,35.647835,0.796275
-116.48239,35.655308,0.796275
-116.48345,35.66278,0.7999163
-116.4942,35.66154,0.7926205
-116.6921,35.63854,0.796275
-116.4953,35.669014,0.8179261
-116.36465,35.691704,0.7999163
-116.496414,35.676476,0.8214895
-116.5183,35.67394,0.7926205
-116.365974,35.699192,0.8035443
-116.37679,35.697945,0.796275
-116.49757,35.683945,0.82504016
-116.53046,35.68011,0.7926205
-116.378265,35.70541,0.8179261
-116.509766,35.690117,0.7926205
-114.96863,35.868717,0.8035443
-116.37973,35.712887,0.796275
-116.42347,35.707798,0.7999163
-116.381195,35.720356,0.7926205
-116.41445,35.71647,0.7926205
-116.424904,35.715256,0.8035443
-116.43563,35.714012,0.796275
-116.44652,35.71274,0.7926205
-116.437,35.72147,0.796275
-116.44784,35.720196,0.796275
-116.721634,35.687702,0.796275
-118.50221,35.46198,0.8035443
-116.41156,35.716984,0.7926205
-116.422066,35.715813,0.7999163
-116.43269,35.71462,0.8035443
-116.4436,35.713394,0.796275
-116.72882,35.681175,0.7926205
-116.44496,35.720863,0.8035443
-116.7408,35.68732,0.7926205
-120.02503,35.261505,0.8035443
-120.033516,35.26027,0.8632879
-114.97953,35.883965,0.796275
-116.44623,35.72834,0.7926205
-117.06744,35.65675,0.8071592
-120.02647,35.268124,0.85300094
-120.03496,35.26689,0.93247783
-120.04344,35.26566,0.8802012
-116.43662,35.73704,0.8107611
-116.4475,35.73582,0.82857835
-116.46944,35.733337,0.7926205
-116.502266,35.729614,0.796275
-120.0279,35.27474,0.8835497
-120.03641,35.273506,0.93247783
-116.45981,35.74204,0.7999163
-116.47079,35.740795,0.796275
-116.49278,35.738293,0.796275
-116.50362,35.737072,0.7999163
-116.514435,35.73583,0.8107611
-117.070045,35.67125,0.796275
-119.850624,35.30712,0.82504016
-120.02937,35.28134,0.89352876
-120.03787,35.28012,0.82504016
-116.47215,35.748245,0.81434995
-116.48311,35.74701,0.7926205
-116.49401,35.745758,0.8035443
-116.5049,35.74452,0.796275
-116.51568,35.74329,0.8035443
-117.071365,35.6785,0.8035443
-117.08142,35.677303,0.796275
-119.85207,35.31375,0.81434995
-120.0223,35.289192,0.8071592
-120.03084,35.287956,0.81434995
-116.473656,35.755684,0.8035443
-116.48442,35.75446,0.8035443
-116.49513,35.75323,0.7999163
-116.506004,35.75199,0.8179261
-116.51687,35.750755,0.796275
-117.07278,35.68575,0.8035443
-116.49634,35.7607,0.796275
-119.9485,35.313534,0.8734701
-120.008064,35.304913,0.8071592
-120.01657,35.30368,0.81434995
-116.81429,35.73127,0.7999163
-119.94992,35.320164,0.90668106
-119.958435,35.31893,0.8356173
-120.00098,35.31277,0.9545167
-120.00948,35.311535,0.85644174
-120.018005,35.31029,0.8598707
-116.8155,35.738625,0.7999163
-119.94285,35.328022,0.8179261
-119.951355,35.32679,0.93247783
-120.002396,35.319397,0.8356173
-120.0109,35.31816,0.8768413
-120.01942,35.316925,0.9034091
-116.5003,35.78305,0.8107611
-116.51102,35.78182,0.8391183
-116.52181,35.78056,0.8035443
-119.94428,35.334644,0.842607
-119.95279,35.333416,0.916433
-120.01234,35.324776,0.8835497
-116.501686,35.7905,0.81434995
-116.51233,35.78927,0.8214895
-119.93722,35.342495,0.7926205
-119.94573,35.341263,0.8902135
-119.95422,35.34004,0.8632879
-120.00523,35.332634,0.8071592
-117.05965,35.731792,0.7926205
-119.91314,35.352806,0.796275
-119.938644,35.34912,0.8460837
-119.94717,35.34789,0.8802012
-116.5365,35.801647,0.8071592
-116.04937,35.865486,0.7926205
-116.53778,35.809093,0.8179261
-119.950005,35.361145,0.8107611
-119.9585,35.359913,0.8179261
-116.03915,35.874413,0.7999163
-119.951454,35.367767,0.796275
-116.534775,35.810547,0.8071592
-116.035034,35.873352,0.7926205
-116.04661,35.872097,0.796275
-119.96172,35.379063,0.7926205
-119.97022,35.377842,0.7999163
-119.97874,35.376614,0.8071592
-116.91613,35.78202,0.8214895
-119.95465,35.38691,0.8214895
-119.96316,35.38569,0.7926205
-119.97166,35.384468,0.7926205
-119.98017,35.383244,0.81434995
-120.005684,35.37956,0.85300094
-120.06519,35.370945,0.8107611
-119.956116,35.393543,0.7999163
-119.99863,35.387413,0.85300094
-120.00713,35.386177,0.8035443
-116.54029,35.8403,0.7926205
-116.82385,35.807705,0.7926205
-119.99156,35.395256,0.9034091
-120.00006,35.394035,0.8666935
-119.99298,35.401882,0.796275
-120.0015,35.400654,0.7926205
-116.120865,35.902744,0.796275
-116.132095,35.9015,0.796275
-116.13339,35.909096,0.8071592
-116.13472,35.91669,0.7999163
-116.546425,35.86998,0.8035443
-116.556984,35.868767,0.7926205
-117.3159,35.778824,0.7999163
-116.19223,35.91797,0.8035443
-116.57972,35.873722,0.7926205
-116.590385,35.872494,0.7999163
-116.60104,35.871254,0.8035443
-116.611694,35.870026,0.8035443
-117.133415,35.808296,0.8035443
-117.14328,35.807114,0.8035443
-115.67099,35.983418,0.7926205
-115.71836,35.97826,0.796275
-116.51741,35.88853,0.7926205
-116.58126,35.88113,0.81434995
-116.59185,35.87991,0.82504016
-116.602356,35.878685,0.81434995
-116.61298,35.877453,0.7999163
-116.6238,35.876194,0.8035443
-117.13464,35.815556,0.82857835
-117.27861,35.79807,0.796275
-116.519035,35.895943,0.796275
-116.57233,35.889763,0.796275
-116.60383,35.886086,0.7999163
-116.756645,35.868145,0.796275
-116.76727,35.866894,0.81434995
-116.77795,35.865635,0.7999163
-116.20749,35.939404,0.8107611
-116.61603,35.89225,0.7999163
-116.75754,35.875565,0.8214895
-116.768105,35.87432,0.8214895
-116.77883,35.873047,0.7999163
-116.19794,35.948208,0.7926205
-116.20889,35.946968,0.796275
-116.22002,35.945698,0.796275
-116.56439,35.905865,0.7999163
-116.670876,35.89337,0.8179261
-116.68197,35.892063,0.82857835
-116.71463,35.8882,0.8356173
-116.72576,35.88687,0.82857835
-116.73691,35.885548,0.796275
-116.747826,35.88426,0.7999163
-116.75851,35.882988,0.8107611
-116.76908,35.881725,0.8391183
-117.14859,35.83606,0.8179261
-117.15837,35.834877,0.8035443
-118.35998,35.682465,0.796275
-116.51238,35.919537,0.7926205
-116.55517,35.91453,0.7926205
-116.59828,35.909477,0.8035443
-116.619225,35.90702,0.7926205
-116.672104,35.90079,0.8179261
-116.683014,35.899487,0.8460837
-116.6941,35.89818,0.83210397
-116.704994,35.896877,0.8835497
-116.71581,35.895603,0.8802012
-116.72677,35.8943,0.83210397
-116.73779,35.89299,0.8035443
-116.759476,35.8904,0.796275
-116.77013,35.88914,0.83210397
-116.78094,35.887844,0.8356173
-116.79191,35.88654,0.7999163
-117.15971,35.842106,0.82504016
-118.35218,35.69057,0.8035443
-118.407776,35.68322,0.8214895
-116.65225,35.91069,0.81434995
-116.67337,35.90819,0.8179261
-116.684204,35.906906,0.842607
-116.70661,35.904243,0.85300094
-116.717186,35.90298,0.9034091
-116.727905,35.901707,0.85300094
-116.738846,35.9004,0.7999163
-116.76053,35.897808,0.7999163
-116.77129,35.896523,0.82504016
-116.78226,35.895214,0.82857835
-117.16113,35.84933,0.8214895
-117.17121,35.8481,0.7999163
-118.11004,35.72938,0.796275
-118.36281,35.696236,0.7926205
-116.594795,35.91076,0.7926205
-116.62645,35.907177,0.796275
-116.647545,35.904797,0.7999163
-116.668686,35.902397,0.81434995
-116.67952,35.901173,0.83210397
-116.69064,35.899906,0.83210397
-116.70165,35.89867,0.8700876
-116.71249,35.897434,0.9034091
-116.72334,35.89621,0.84954834
-116.73437,35.894966,0.8214895
-116.75618,35.892475,0.796275
-116.76688,35.891254,0.8107611
-116.77766,35.89002,0.8460837
-116.78861,35.888767,0.8179261
-117.15742,35.846027,0.842607
-118.1079,35.730186,0.8035443
-118.36107,35.69792,0.7926205
-116.62805,35.914574,0.796275
-116.64903,35.91219,0.7999163
-116.67001,35.9098,0.8107611
-116.68075,35.908592,0.83210397
-116.69187,35.907322,0.8107611
-116.70321,35.906036,0.8107611
-116.714,35.904808,0.8868872
-116.72455,35.903603,0.8802012
-116.73547,35.902355,0.8179261
-116.75723,35.899876,0.8107611
-116.76798,35.898655,0.82504016
-116.77897,35.897396,0.8214895
-117.158905,35.85325,0.7999163
-117.16882,35.85208,0.796275
-118.099915,35.738327,0.8107611
-118.109146,35.737156,0.796275
-116.17492,35.97268,0.7926205
-116.62984,35.921947,0.7926205
-116.66085,35.91841,0.7926205
-116.67138,35.91721,0.8214895
-116.682045,35.915993,0.8107611
-116.69299,35.91475,0.796275
-116.715225,35.912212,0.8356173
-116.72568,35.911015,0.8666935
-116.736565,35.90977,0.81434995
-116.74743,35.908524,0.8179261
-116.75826,35.90728,0.85300094
-116.7692,35.906025,0.83210397
-116.78021,35.904766,0.8107611
-117.16031,35.860474,0.7999163
-117.170135,35.859318,0.7999163
-117.1803,35.858112,0.8071592
-116.66234,35.925793,0.8071592
-116.67283,35.924606,0.8035443
-116.71612,35.91965,0.8460837
-116.72676,35.918427,0.8460837
-116.73763,35.917183,0.8107611
-116.74852,35.915936,0.8632879
-116.75937,35.91468,0.8734701
-116.770325,35.913425,0.82857835
-116.78127,35.912167,0.81434995
-117.19186,35.864132,0.796275
-116.663895,35.933193,0.8107611
-116.674286,35.931988,0.8035443
-116.71703,35.927086,0.89683306
-116.727875,35.92584,0.8666935
-116.73878,35.924583,0.8734701
-116.749664,35.923336,0.8802012
-116.7605,35.922085,0.85300094
-116.77144,35.92082,0.82857835
-116.78239,35.919556,0.8214895
-116.793365,35.91829,0.8071592
-117.18279,35.872593,0.7999163
-117.79486,35.798084,0.7926205
-116.19016,35.99419,0.7926205
-116.66552,35.94056,0.8071592
-116.67587,35.93937,0.81434995
-116.71822,35.934498,0.85644174
-116.729065,35.933235,0.89352876
-116.73997,35.931984,0.8598707
-116.75084,35.930737,0.85644174
-116.76167,35.929478,0.8356173
-116.772606,35.928207,0.82857835
-116.78355,35.926937,0.8071592
-116.79447,35.92568,0.796275
-116.805405,35.9244,0.8071592
-116.81635,35.923134,0.7999163
-116.82741,35.92186,0.8035443
-116.83845,35.920567,0.8035443
-116.68799,35.945526,0.7926205
-116.69844,35.944332,0.8071592
-116.7089,35.943115,0.81434995
-116.71949,35.941895,0.82504016
-116.73029,35.940647,0.91319287
-116.74116,35.93939,0.8734701
-116.752,35.938126,0.842607
-116.76285,35.936863,0.8391183
-116.77378,35.9356,0.8391183
-116.78469,35.934334,0.8071592
-116.79563,35.93306,0.8071592
-116.80659,35.93179,0.8107611
-116.81756,35.930508,0.8179261
-116.8286,35.92922,0.8107611
-117.60143,35.836525,0.81434995
-116.68951,35.952915,0.7999163
-116.710335,35.9505,0.7999163
-116.73153,35.948044,0.82504016
-116.74233,35.94678,0.8902135
-116.753174,35.945526,0.8391183
-116.76404,35.944263,0.83210397
-116.774925,35.942993,0.82857835
-116.785866,35.941708,0.8179261
-116.79682,35.940434,0.8214895
-116.80781,35.93916,0.8214895
-116.81877,35.93788,0.8071592
-117.18685,35.894283,0.8179261
-116.680725,35.96149,0.8107611
-116.690994,35.960293,0.7926205
-116.732796,35.955433,0.83210397
-116.743576,35.95418,0.8768413
-116.754395,35.95292,0.8666935
-116.765236,35.95165,0.842607
-116.77614,35.950375,0.83210397
-116.787094,35.949097,0.842607
-116.798035,35.94782,0.8391183
-116.80906,35.946526,0.81434995
-117.188354,35.901493,0.796275
-117.19838,35.900295,0.8035443
-116.73407,35.96283,0.8356173
-116.74484,35.96157,0.8391183
-116.75565,35.960297,0.8460837
-116.76651,35.959038,0.8214895
-116.77743,35.957764,0.8035443
-116.78837,35.95647,0.8107611
-116.79931,35.955185,0.8035443
-116.72469,35.971474,0.8035443
-116.73535,35.97023,0.81434995
-116.756905,35.967693,0.8214895
-116.76778,35.966427,0.8179261
-116.778725,35.965134,0.8035443
-116.789665,35.963856,0.8035443
-116.80062,35.962555,0.796275
-116.72602,35.978867,0.8071592
-116.73662,35.977623,0.7999163
-116.76905,35.973812,0.8071592
-116.77999,35.97251,0.796275
-116.759445,35.982468,0.796275
-116.770294,35.98119,0.8214895
-116.77152,35.98858,0.82504016
-116.783585,35.994686,0.8391183
-116.79439,35.993393,0.82504016
-116.80527,35.992104,0.7926205
-118.43577,35.787113,0.85300094
-116.78479,36.00208,0.8460837
-116.79556,36.000786,0.842607
-116.780975,35.997093,0.8391183
-116.791794,35.99586,0.842607
-116.80264,35.994633,0.81434995
-116.78222,36.004494,0.7999163
-116.793,36.00325,0.85300094
-115.86431,36.113472,0.7926205
-116.8388,36.013023,0.796275
-116.849754,36.011765,0.796275
-116.81832,36.022903,0.82857835
-116.8291,36.021664,0.8460837
-116.83996,36.020412,0.8035443
-117.7942,35.905983,0.7999163
-116.830315,36.029037,0.8356173
-116.73995,36.07723,0.8107611
-115.89905,36.180393,0.7926205
-115.9108,36.179104,0.7926205
-116.746414,36.114227,0.8035443
-116.75709,36.11296,0.796275
-117.22379,36.05664,0.7999163
-117.22099,36.0533,0.7926205
-116.74419,36.11585,0.796275
-116.75476,36.11464,0.7999163
-117.222275,36.060543,0.8035443
-117.22355,36.067783,0.8035443
-117.52638,36.03163,1.440583
-117.547226,36.029118,2.0486898
-117.55719,36.027912,2.013678
-117.2146,36.076237,0.83210397
-117.224846,36.075024,0.8107611
-117.51738,36.04002,2.0244176
-117.527885,36.038746,2.4979668
-117.53841,36.03748,2.8484755
-117.54862,36.03624,3.3960774
-117.55839,36.035053,2.706213
-117.5971,36.030342,1.0635655
-117.607,36.02913,1.2136658
-117.53991,36.044582,1.5748004
-117.54977,36.043385,2.065234
-117.559425,36.0422,0.92288184
-117.56907,36.04102,2.0233488
-117.57878,36.03984,2.4348083
-117.60869,36.036194,0.92288184
-117.63797,36.032604,1.3711978
-117.64769,36.03142,1.0663539
-117.22746,36.0895,0.8179261
-117.62037,36.042038,2.0825174
-117.629845,36.040874,2.303212
-117.63942,36.0397,2.1201034
-117.22879,36.09674,0.82504016
-117.631256,36.047966,1.6349192
-117.230064,36.10398,0.796275
-116.86584,36.184628,0.8179261
-116.87664,36.183342,0.8179261
-116.88751,36.18205,0.7999163
-116.89855,36.18074,0.7926205
-116.86716,36.191986,0.7999163
-116.877975,36.190704,0.83210397
-116.88889,36.189407,0.796275
-117.66047,36.095173,0.8902135
-116.87933,36.19806,0.8391183
-116.89031,36.19675,0.8071592
-116.90134,36.19543,0.796275
-116.91238,36.194103,0.82504016
-116.923485,36.192783,0.8071592
-116.9347,36.19143,0.7999163
-116.51459,36.24853,0.7999163
-116.86974,36.206722,0.7926205
-116.88067,36.205414,0.8214895
-116.89169,36.20409,0.8107611
-116.92494,36.200104,0.8214895
-116.93607,36.198765,0.8214895
-116.52132,36.240643,0.796275
-116.876656,36.200626,0.8460837
-116.887634,36.199375,0.82504016
-116.90971,36.196857,0.8107611
-116.92086,36.19559,0.82857835
-116.93203,36.194317,0.8179261
-116.52247,36.248142,0.7926205
-116.87797,36.20799,0.8214895
-116.889015,36.20673,0.7999163
-116.90011,36.20546,0.7926205
-116.92233,36.20292,0.7926205
-116.933495,36.201633,0.8107611
-116.94474,36.200344,0.7926205
-116.86835,36.216614,0.8035443
-116.87925,36.21536,0.8107611
-116.91255,36.21154,0.796275
-116.869644,36.22398,0.8179261
-116.88051,36.222725,0.796275
-116.89154,36.221466,0.8107611
-116.90275,36.22017,0.8391183
-116.913895,36.218887,0.8179261
-116.92505,36.217606,0.8356173
-116.87093,36.23135,0.8035443
-116.881775,36.230095,0.8107611
-116.89284,36.22882,0.8179261
-116.904015,36.227528,0.842607
-116.915146,36.22624,0.85300094
-116.92627,36.22495,0.8356173
-116.872215,36.23872,0.7999163
-116.88306,36.237465,0.8071592
-116.89411,36.236187,0.8391183
-116.90529,36.234886,0.81434995
-116.916374,36.23361,0.8214895
-116.884346,36.244827,0.8071592
-116.89539,36.243553,0.8179261
-116.90652,36.24226,0.796275
-116.91761,36.240967,0.7926205
-116.91892,36.248318,0.82504016
-116.93011,36.24701,0.82857835
-116.76909,36.273266,0.7926205
-116.77923,36.27211,0.82857835
-116.78979,36.27088,0.8071592
-116.88691,36.25958,0.7999163
-116.897934,36.25828,0.7999163
-116.90908,36.25698,0.8035443
-116.92026,36.255665,0.8107611
-116.77066,36.280655,0.81434995
-116.780815,36.27947,0.8391183
-116.79129,36.278244,0.81434995
-116.79274,36.28563,0.7926205
-116.8032,36.284412,0.7999163
-116.88948,36.274303,0.8035443
-116.80454,36.291805,0.7926205
-116.89076,36.281677,0.7926205
-116.89206,36.28904,0.8071592
-116.90301,36.287746,0.8071592
-116.91402,36.286438,0.8107611
-116.92505,36.285126,0.7926205
-116.936104,36.28382,0.796275
-116.94725,36.282486,0.796275
-116.80733,36.306576,0.8071592
-116.81794,36.305325,0.8071592
-116.915436,36.293774,0.796275
-116.9265,36.29246,0.8356173
-116.9375,36.29116,0.8214895
-116.78785,36.316414,0.8107611
-116.7982,36.315197,0.82504016
-116.80872,36.313957,0.82857835
-116.81929,36.31271,0.8214895
-116.894714,36.303764,0.796275
-116.939026,36.298473,0.8107611
-116.7893,36.323795,0.8214895
-116.79965,36.322567,0.842607
-116.81014,36.321342,0.84954834
-116.82065,36.32009,0.8356173
-116.831276,36.318836,0.82857835
-116.89605,36.31112,0.7999163
-116.92933,36.307144,0.796275
-116.78453,36.318096,0.796275
-116.794815,36.316936,0.82857835
-116.805336,36.315735,0.8391183
-116.815895,36.31454,0.82857835
-116.82649,36.31334,0.8179261
-116.8913,36.305977,0.8035443
-116.90232,36.30472,0.796275
-116.91343,36.303455,0.7999163
-116.92459,36.302185,0.7999163
-116.93565,36.30093,0.7999163
-116.78602,36.32548,0.8035443
-116.79625,36.324326,0.8356173
-116.80681,36.323116,0.8460837
-116.81723,36.321934,0.8460837
-116.82783,36.320724,0.8356173
-116.838585,36.319504,0.8179261
-116.89264,36.313335,0.81434995
-116.92591,36.309544,0.7999163
-116.9371,36.308258,0.7999163
-116.94818,36.306988,0.796275
-116.79782,36.331688,0.8356173
-116.808365,36.330494,0.82504016
-116.8187,36.32931,0.842607
-116.82921,36.328117,0.8356173
-116.839905,36.326897,0.796275
-116.89394,36.320713,0.81434995
-116.82014,36.336693,0.81434995
-116.830574,36.335495,0.796275
-116.84122,36.33428,0.8214895
-116.89523,36.32807,0.82857835
-116.8216,36.344067,0.7926205
-116.83187,36.34289,0.81434995
-116.84249,36.34167,0.83210397
-116.864044,36.339188,0.796275
-116.88563,36.3367,0.8071592
-116.8965,36.33545,0.842607
-116.90747,36.334187,0.8071592
-116.94072,36.33035,0.7926205
-116.833176,36.350285,0.82857835
-116.84381,36.349056,0.85644174
-116.854576,36.347816,0.85300094
-116.86534,36.346577,0.8035443
-116.89774,36.342827,0.85300094
-118.43638,36.154552,1.6674986
-118.446396,36.153263,2.5504525
-116.74012,36.368523,0.8107611
-116.834564,36.357655,0.8071592
-116.84521,36.356426,0.85300094
-116.85592,36.355194,0.8734701
-116.86665,36.35396,0.82504016
-116.87743,36.352707,0.796275
-116.899,36.350197,0.82504016
-116.90986,36.348946,0.81434995
-118.437965,36.161423,2.535827
-118.44802,36.160133,4.195053
-116.74104,36.375984,0.83210397
-116.75196,36.374733,0.8107611
-116.7949,36.36978,0.796275
-116.80484,36.368637,0.8391183
-116.83598,36.365036,0.81434995
-116.84659,36.363815,0.8598707
-116.85724,36.36257,0.8632879
-116.86795,36.361332,0.7926205
-116.91108,36.35632,0.83210397
-118.43955,36.168297,3.1977005
-118.44956,36.166996,2.343609
-116.752914,36.382195,0.7926205
-116.80648,36.376003,0.8214895
-116.81656,36.374832,0.8107611
-116.82701,36.37362,0.8035443
-116.837364,36.37243,0.85300094
-116.847885,36.371193,0.82857835
-116.85851,36.369957,0.8460837
-116.83876,36.379807,0.8071592
-116.849144,36.378593,0.82504016
-116.85977,36.377354,0.82504016
-116.85037,36.38599,0.8071592
-116.86102,36.38475,0.7926205
-116.73673,36.414356,0.7926205
-116.74729,36.41312,0.8035443
-116.75787,36.411884,0.8107611
-116.7685,36.410652,0.8214895
-116.779175,36.409405,0.8214895
-116.8744,36.398247,0.796275
-116.939125,36.390606,0.8071592
-116.84358,36.40942,0.7999163
-116.87571,36.405624,0.8356173
-116.94038,36.39796,0.82857835
-116.77114,36.425472,0.796275
-116.78173,36.424236,0.8071592
-116.80287,36.42175,0.7926205
-116.87701,36.413017,0.81434995
-116.930916,36.406616,0.8391183
-116.94172,36.405323,0.84954834
-116.95252,36.404034,0.8035443
-116.762085,36.434113,0.8071592
-116.77254,36.432884,0.7926205
-116.78305,36.431644,0.7999163
-116.8041,36.429165,0.7926205
-116.92143,36.415264,0.8071592
-116.932304,36.413963,0.7926205
-116.76831,36.427444,0.8071592
-116.77887,36.42625,0.8035443
-116.885025,36.414227,0.796275
-116.92824,36.40931,0.8391183
-116.93908,36.408073,0.82504016
-116.94997,36.406826,0.82857835
-116.76974,36.434845,0.7926205
-116.78023,36.433655,0.7999163
-116.79077,36.432465,0.7999163
-116.80129,36.43127,0.7999163
-116.89714,36.420376,0.7999163
-116.918755,36.417908,0.8035443
-116.77114,36.442257,0.8071592
-116.78162,36.44106,0.7999163
-116.79214,36.439873,0.796275
-116.80266,36.438675,0.8214895
-116.81322,36.437473,0.7999163
-116.92007,36.425278,0.8179261
-116.79356,36.44727,0.8035443
-116.80405,36.44607,0.8071592
-116.82516,36.443665,0.81434995
-116.921364,36.43265,0.8071592
-116.78455,36.455856,0.7926205
-116.79499,36.454666,0.8107611
-116.805466,36.45347,0.83210397
-116.81599,36.45226,0.82857835
-116.82652,36.451065,0.8666935
-116.837105,36.44985,0.7926205
-116.92269,36.440014,0.8179261
-116.9336,36.43875,0.8107611
-116.9446,36.437485,0.7999163
-116.95563,36.436214,0.7999163
-117.47124,36.375484,0.8071592
-116.80696,36.460854,0.7926205
-116.82783,36.45846,0.8071592
-116.92397,36.447384,0.8107611
-116.945885,36.44485,0.796275
-116.95688,36.44358,0.8071592
-117.46227,36.383907,0.7999163
-117.47252,36.382668,0.8356173
-116.56764,36.495663,0.796275
-116.82913,36.465862,0.82504016
-116.925285,36.45475,0.7999163
-116.936226,36.453484,0.796275
-117.43278,36.3948,0.7926205
-117.463554,36.391094,0.83210397
-117.47379,36.389862,0.8598707
-117.48403,36.388622,0.85644174
-117.49447,36.38736,0.7999163
-116.56894,36.503162,0.8107611
-116.8305,36.47326,0.8179261
-116.92657,36.462124,0.81434995
-117.45462,36.39952,0.82857835
-117.46487,36.398285,0.8666935
-117.47511,36.39704,0.8835497
-117.485374,36.39581,0.8598707
-116.57024,36.51065,0.8107611
-116.82162,36.48184,0.7926205
-116.83194,36.480633,0.8356173
-116.8422,36.479454,0.82504016
-116.85265,36.478245,0.82504016
-116.863174,36.477024,0.81434995
-116.92785,36.469494,0.8071592
-117.43542,36.409206,0.7926205
-117.445694,36.40796,0.8107611
-117.45599,36.4067,0.8391183
-117.46625,36.405457,0.8734701
-117.47648,36.404224,0.8902135
-117.48677,36.402977,0.8734701
-116.57155,36.518127,0.8035443
-116.83328,36.488033,0.8214895
-116.84357,36.486847,0.82504016
-116.85398,36.48563,0.81434995
-116.864525,36.484413,0.8179261
-116.87515,36.483173,0.8035443
-117.45738,36.413887,0.8214895
-117.46766,36.412647,0.8598707
-117.47789,36.411396,0.8768413
-117.48821,36.410145,0.84954834
-116.834526,36.495445,0.82504016
-116.844894,36.494236,0.8356173
-116.8553,36.493034,0.8214895
-116.86584,36.49181,0.83210397
-116.876465,36.490562,0.8071592
-117.4588,36.42107,0.81434995
-117.46909,36.419815,0.8391183
-117.47936,36.418568,0.8356173
-117.489815,36.41729,0.7999163
-116.84622,36.50164,0.8035443
-116.86715,36.499195,0.8179261
-116.87778,36.497948,0.8035443
-117.470566,36.426983,0.8035443
-117.480865,36.42573,0.7926205
-116.84754,36.509033,0.7926205
-116.868484,36.506584,0.7999163
-116.87906,36.505344,0.8035443
-116.859344,36.5152,0.8035443
-116.869835,36.513966,0.81434995
-116.86062,36.5226,0.796275
-116.871124,36.52136,0.82504016
-116.88167,36.520115,0.7926205
-117.444176,36.45228,0.8035443
-117.45449,36.451004,0.7999163
-116.84082,36.53248,0.7926205
-116.85131,36.53125,0.8107611
-116.872406,36.528755,0.8214895
-116.86866,36.523174,0.82504016
-116.87918,36.521973,0.8071592
-117.45318,36.455524,0.796275
-116.542564,36.567265,0.7926205
-116.8488,36.532978,0.81434995
-116.869934,36.530563,0.7999163
-116.88046,36.529366,0.8035443
-116.54386,36.57478,0.7999163
-116.56631,36.572285,0.7926205
-116.85007,36.540375,0.7926205
-116.86066,36.539177,0.8035443
-117.83115,36.424614,0.8071592
-116.56763,36.579777,0.7999163
-116.84085,36.548977,0.8071592
-116.85137,36.547787,0.8107611
-116.86197,36.54657,0.796275
-116.87251,36.545364,0.796275
-116.99099,36.53177,0.7999163
-117.001785,36.53052,0.7999163
-116.52399,36.592293,0.796275
-116.53524,36.59104,0.7926205
-116.591354,36.584763,0.8035443
-116.84211,36.55638,0.7999163
-116.85262,36.55519,0.7999163
-116.873825,36.552753,0.7926205
-116.88444,36.551537,0.8214895
-116.89511,36.550316,0.7926205
-116.91673,36.54783,0.8035443
-116.92757,36.546585,0.8035443
-116.98152,36.54036,0.8214895
-116.9923,36.539124,0.7926205
-118.54184,36.34947,1.0149336
-116.58145,36.593506,0.7926205
-116.875206,36.560146,0.8071592
-116.885925,36.55891,0.85644174
-116.89649,36.557686,0.85300094
-116.92886,36.553963,0.7999163
-116.982834,36.547726,0.82857835
-116.99363,36.54648,0.81434995
-116.537834,36.606064,0.796275
-116.54908,36.604797,0.796275
-116.5603,36.603542,0.796275
-116.57153,36.60228,0.7999163
-116.83413,36.57241,0.7926205
-116.855194,36.569996,0.8071592
-116.865875,36.568764,0.8071592
-116.8766,36.567524,0.8356173
-116.88732,36.566288,0.8107611
-116.897896,36.56507,0.8214895
-116.90858,36.56384,0.8179261
-116.91936,36.56259,0.7926205
-116.93016,36.56135,0.81434995
-116.940994,36.560085,0.83210397
-116.9518,36.558838,0.842607
-116.984146,36.555084,0.8214895
-116.99495,36.55383,0.796275
-116.561615,36.61104,0.8071592
-116.835464,36.57982,0.7999163
-116.845985,36.578606,0.8107611
-116.85663,36.577377,0.7926205
-116.867325,36.57614,0.8071592
-116.87799,36.574913,0.7999163
-116.888664,36.573677,0.796275
-116.8993,36.57245,0.81434995
-116.90997,36.571217,0.8802012
-116.92068,36.56997,0.8632879
-116.93149,36.568718,0.8179261
-116.94229,36.56747,0.842607
-116.953094,36.56621,0.8598707
-116.96391,36.564957,0.82504016
-116.46147,36.62998,0.8035443
-116.4728,36.628708,0.7999163
-116.836845,36.587215,0.7999163
-116.847435,36.586,0.8071592
-116.85813,36.584755,0.7926205
-116.87947,36.582283,0.8179261
-116.90078,36.579823,0.8214895
-116.91146,36.57858,0.8598707
-116.92207,36.577347,0.8356173
-116.93282,36.5761,0.8391183
-116.94362,36.57484,0.8734701
-116.95441,36.57358,0.85300094
-116.96524,36.572323,0.84954834
-116.97604,36.57105,0.82857835
-116.997765,36.56852,0.8214895
-116.89157,36.588417,0.7926205
-116.9022,36.587193,0.842607
-116.91284,36.585953,0.796275
-116.92351,36.58471,0.8035443
-116.93422,36.583458,0.8460837
-116.944954,36.582203,0.8768413
-116.955734,36.580948,0.8391183
-116.96654,36.57969,0.83210397
-116.97739,36.57841,0.8107611
-116.86128,36.599487,0.7999163
-116.89309,36.595783,0.8214895
-116.90367,36.59456,0.7926205
-116.91429,36.593315,0.8035443
-116.92497,36.59207,0.8356173
-116.93562,36.590824,0.8632879
-116.94635,36.589573,0.85300094
-116.95707,36.588314,0.8391183
-116.96785,36.587048,0.7999163
-117.18303,36.5616,0.82504016
-117.19352,36.560345,0.82504016
-117.20412,36.559074,0.8107611
-117.22528,36.556553,0.8035443
-116.89456,36.60316,0.8179261
-116.90515,36.601913,0.8107611
-116.91575,36.600677,0.82857835
-116.926414,36.599434,0.84954834
-116.93709,36.598175,0.85300094
-116.94777,36.596928,0.85300094
-116.95848,36.595673,0.8107611
-116.979965,36.59314,0.8035443
-117.17342,36.57019,0.83210397
-117.18389,36.568943,0.82857835
-117.19449,36.567677,0.8179261
-117.205154,36.566402,0.8035443
-117.22636,36.56386,0.8071592
-116.88554,36.61176,0.82504016
-116.89608,36.610527,0.81434995
-116.906624,36.609287,0.82857835
-116.91727,36.60804,0.85300094
-116.92788,36.606796,0.85644174
-116.93852,36.605537,0.8632879
-116.94924,36.604282,0.8734701
-116.95994,36.60302,0.81434995
-116.98131,36.6005,0.796275
-116.99211,36.599216,0.7926205
-117.17427,36.57755,0.8391183
-117.1849,36.576275,0.8356173
-117.19556,36.574997,0.8179261
-117.20622,36.57371,0.8035443
-117.216866,36.572437,0.81434995
-117.22751,36.571156,0.8179261
-117.24868,36.568615,0.8035443
-116.887024,36.619125,0.796275
-116.897514,36.617893,0.8071592
-116.90807,36.616657,0.82857835
-116.918724,36.615402,0.85300094
-116.92933,36.61416,0.84954834
-116.93997,36.612896,0.8666935
-116.95072,36.61163,0.8391183
-116.96137,36.610374,0.8071592
-116.97206,36.60911,0.82504016
-116.98273,36.60785,0.8071592
-117.17536,36.584873,0.8179261
-117.18598,36.583603,0.81434995
-117.196686,36.58231,0.8035443
-117.21797,36.57975,0.82504016
-117.228615,36.578457,0.8107611
-117.23921,36.577183,0.81434995
-117.24979,36.5759,0.81434995
-116.88846,36.626503,0.8035443
-116.89897,36.625267,0.83210397
-116.90956,36.624016,0.8356173
-116.92017,36.62277,0.84954834
-116.93076,36.621517,0.85300094
-116.941414,36.62026,0.84954834
-116.952126,36.61899,0.82504016
-116.96287,36.61772,0.84954834
-116.97359,36.61645,0.8179261
-117.00569,36.612633,0.796275
-117.17648,36.592194,0.7999163
-117.18716,36.590904,0.796275
-117.19782,36.58962,0.8107611
-117.20848,36.588337,0.8214895
-117.21913,36.587044,0.8460837
-117.229744,36.585762,0.8214895
-117.24033,36.584484,0.8391183
-117.25091,36.583202,0.83210397
-116.572105,36.671055,0.7926205
-116.88989,36.633884,0.8035443
-116.90042,36.63264,0.8071592
-116.911026,36.631382,0.83210397
-116.92162,36.63013,0.8356173
-116.9322,36.628872,0.82504016
-116.94286,36.627617,0.81434995
-117.1246,36.605896,0.796275
-117.17767,36.599506,0.81434995
-117.18833,36.59822,0.8035443
-117.199,36.596928,0.8071592
-117.209625,36.59565,0.8598707
-117.22025,36.594357,0.8391183
-117.23091,36.593063,0.83210397
-117.241455,36.59179,0.8356173
-117.25204,36.5905,0.8214895
-116.88566,36.628677,0.8107611
-116.89615,36.627487,0.8179261
-116.90676,36.626274,0.8356173
-116.91739,36.625076,0.8460837
-116.927986,36.623875,0.85644174
-116.93866,36.622654,0.842607
-116.94937,36.621437,0.82504016
-116.960106,36.62022,0.82504016
-117.003,36.61534,0.7926205
-117.17403,36.595703,0.7999163
-117.18467,36.59447,0.8035443
-117.195366,36.59324,0.81434995
-117.20606,36.591995,0.82504016
-117.21673,36.59076,0.85300094
-117.227356,36.589527,0.83210397
-117.23798,36.588295,0.8460837
-117.24856,36.58706,0.8391183
-117.25921,36.585835,0.81434995
-116.57977,36.67047,0.8035443
-116.89762,36.634857,0.8071592
-116.90823,36.633648,0.82857835
-116.91885,36.63244,0.82857835
-116.929436,36.631237,0.82857835
-116.94011,36.630016,0.8035443
-117.11142,36.610386,0.82504016
-117.12206,36.60916,0.842607
-117.13276,36.607933,0.8071592
-117.16466,36.604237,0.8179261
-117.175255,36.603004,0.842607
-117.1859,36.60178,0.82504016
-117.19658,36.60053,0.81434995
-117.20722,36.5993,0.8666935
-117.21787,36.598057,0.85644174
-117.228546,36.59682,0.842607
-117.23913,36.59559,0.82504016
-117.24972,36.59436,0.8356173
-117.260445,36.59311,0.7926205
-116.569855,36.679222,0.7926205
-116.581085,36.67797,0.8214895
-116.592316,36.676727,0.8107611
-116.60354,36.67548,0.796275
-116.888596,36.643425,0.7926205
-116.89914,36.64223,0.82857835
-116.90973,36.641014,0.8179261
-116.92031,36.639812,0.8107611
-116.930885,36.638603,0.7999163
-116.94155,36.637394,0.8071592
-117.10202,36.618946,0.8391183
-117.1127,36.617714,0.82857835
-117.12336,36.61648,0.8179261
-117.134026,36.615246,0.7999163
-117.14467,36.614014,0.82504016
-117.15528,36.612785,0.82504016
-117.165924,36.611546,0.85300094
-117.17654,36.610306,0.85300094
-117.187164,36.60908,0.85300094
-117.19779,36.607834,0.8666935
-117.208435,36.606598,0.85644174
-117.21906,36.605362,0.85300094
-117.229706,36.604126,0.85300094
-117.2403,36.602886,0.8460837
-117.25091,36.601646,0.83210397
-117.26173,36.600388,0.7999163
-116.571205,36.68672,0.8214895
-116.5824,36.685474,0.7926205
-116.60485,36.682976,0.8107611
-116.900665,36.649593,0.8071592
-116.91122,36.648388,0.7926205
-117.007545,36.637344,0.7926205
-117.13532,36.622562,0.796275
-117.17785,36.61761,0.8035443
-117.18845,36.61638,0.8356173
-117.199066,36.61514,0.8666935
-117.209694,36.613895,0.8598707
-117.22031,36.61265,0.8632879
-117.23095,36.611412,0.85300094
-117.24155,36.610172,0.8632879
-117.25219,36.608925,0.842607
-117.26306,36.607647,0.7999163
-116.60618,36.690464,0.8035443
-116.628624,36.687954,0.8071592
-116.63984,36.68669,0.8035443
-117.019554,36.64346,0.7926205
-117.18977,36.62367,0.8107611
-117.20039,36.622425,0.842607
-117.21099,36.62119,0.85300094
-117.221634,36.619938,0.85300094
-117.232285,36.618687,0.84954834
-117.24293,36.617443,0.8632879
-117.25354,36.61619,0.8666935
-116.61873,36.69669,0.8035443
-116.62996,36.695435,0.82857835
-116.64116,36.69417,0.8071592
-117.1592,36.63471,0.796275
-117.16983,36.633465,0.7926205
-117.18047,36.63221,0.8071592
-117.191086,36.630966,0.8071592
-117.20169,36.629715,0.8391183
-117.21233,36.628468,0.8391183
-117.222984,36.627213,0.82857835
-117.233665,36.62596,0.8107611
-117.24434,36.624706,0.82504016
-117.254974,36.623455,0.842607
-117.265854,36.622173,0.7926205
-116.62004,36.704185,0.8035443
-116.631256,36.70292,0.83210397
-116.64247,36.70165,0.8214895
-116.65366,36.700394,0.796275
-116.68719,36.696598,0.8107611
-117.16053,36.642006,0.8179261
-117.17114,36.640762,0.796275
-117.18177,36.63951,0.842607
-117.19238,36.638264,0.8700876
-117.20301,36.63701,0.8700876
-117.213684,36.635757,0.842607
-117.224335,36.634506,0.8071592
-117.23506,36.633236,0.8107611
-117.24576,36.631973,0.8035443
-117.256424,36.630714,0.8391183
-117.26729,36.62943,0.8107611
-116.6326,36.7104,0.8035443
-116.6438,36.709137,0.81434995
-116.65498,36.707863,0.82504016
-116.688484,36.70406,0.8214895
-116.69963,36.702797,0.7926205
-116.71076,36.701534,0.796275
-117.18308,36.64681,0.83210397
-117.19371,36.645557,0.8460837
-117.20437,36.644306,0.8356173
-117.21505,36.643047,0.8214895
-117.225716,36.64178,0.8107611
-117.23641,36.64051,0.8071592
-117.24718,36.639244,0.796275
-117.25786,36.63797,0.82504016
-117.26868,36.636692,0.8460837
-121.557655,36.047585,1.3356764
-121.56619,36.046253,2.5961075
-116.633896,36.717888,0.7926205
-116.64513,36.716614,0.82857835
-116.65631,36.715336,0.8356173
-116.66749,36.714073,0.81434995
-116.68982,36.711525,0.8071592
-116.70095,36.71025,0.81434995
-116.7121,36.70898,0.8214895
-116.723206,36.707718,0.8071592
-117.163155,36.656624,0.7999163
-117.17377,36.655376,0.8107611
-117.184395,36.65411,0.83210397
-117.19502,36.652863,0.8391183
-117.2057,36.6516,0.8391183
-117.21637,36.650326,0.8460837
-117.227066,36.649063,0.82504016
-117.23778,36.647785,0.8391183
-117.24853,36.646515,0.85300094
-117.259254,36.645237,0.85644174
-117.26999,36.643967,0.85300094
-121.55069,36.055504,1.287751
-121.55923,36.054165,2.1488097
-121.58487,36.050156,1.2855169
-116.53436,36.73681,0.7999163
-116.62406,36.726643,0.796275
-116.64644,36.724094,0.83210397
-116.65764,36.722816,0.8356173
-116.66881,36.721542,0.81434995
-116.70228,36.71772,0.82857835
-116.71341,36.71644,0.7999163
-116.72453,36.715168,0.796275
-117.175095,36.66267,0.7999163
-117.18571,36.66142,0.8214895
-117.19635,36.660156,0.82857835
-117.207016,36.658882,0.83210397
-117.2177,36.65762,0.83210397
-117.22839,36.656345,0.82857835
-117.239105,36.655075,0.8356173
-117.249825,36.6538,0.8598707
-117.26054,36.65252,0.8460837
-117.27127,36.651234,0.8356173
-121.55219,36.062088,1.7509251
-121.560715,36.060757,1.0856578
-116.524445,36.74561,0.7999163
-116.64774,36.731567,0.8035443
-116.65895,36.730286,0.8391183
-116.67012,36.72901,0.8391183
-116.6813,36.72773,0.7926205
-116.70359,36.725174,0.82857835
-116.71474,36.723896,0.81434995
-117.01789,36.68869,0.7999163
-117.02846,36.687454,0.8071592
-117.03896,36.68622,0.81434995
-117.04947,36.684982,0.7999163
-117.060005,36.68375,0.796275
-117.07041,36.68252,0.8035443
-117.187035,36.668713,0.8035443
-117.19766,36.667458,0.8356173
-117.20833,36.666183,0.8460837
-117.218994,36.664917,0.8356173
-117.229675,36.66364,0.8214895
-117.24037,36.662354,0.82504016
-117.25108,36.661083,0.842607
-117.261765,36.6598,0.8356173
-117.27249,36.65852,0.85300094
-121.55379,36.068665,1.1284298
-121.56227,36.067337,1.6317602
-116.525826,36.753124,0.8214895
-116.66027,36.73777,0.82504016
-116.67146,36.736485,0.8214895
-116.68261,36.7352,0.8035443
-116.69377,36.733917,0.8035443
-116.704926,36.732635,0.7999163
-116.716064,36.731354,0.8071592
-116.72718,36.73007,0.7926205
-117.02994,36.69478,0.796275
-117.040344,36.693554,0.81434995
-117.0613,36.69109,0.8035443
-117.07169,36.689865,0.7999163
-117.19896,36.674747,0.82504016
-117.209625,36.673473,0.842607
-117.22027,36.672203,0.84954834
-117.23095,36.670925,0.83210397
-117.24161,36.669643,0.8071592
-117.25229,36.668373,0.8391183
-117.262924,36.6671,0.8666935
-117.27368,36.6658,0.8460837
-121.55536,36.07524,2.549189
-121.56388,36.073914,1.9615964
-116.66158,36.74525,0.8071592
-116.672775,36.743954,0.8107611
-116.68393,36.74266,0.82504016
-116.69509,36.74138,0.82857835
-116.717384,36.738804,0.8035443
-116.72849,36.737522,0.7999163
-117.08349,36.695965,0.796275
-117.16843,36.685856,0.796275
-117.20027,36.682045,0.8356173
-117.2109,36.680775,0.84954834
-117.22155,36.679497,0.85644174
-117.23219,36.678223,0.8391183
-117.242836,36.676956,0.82857835
-117.25346,36.67567,0.8598707
-117.2641,36.674393,0.8868872
-117.27491,36.673096,0.8107611
-121.55689,36.08182,3.81677
-121.56545,36.080494,1.5161765
-116.68526,36.750137,0.81434995
-116.69642,36.748837,0.7999163
-117.09542,36.70203,0.7926205
-117.16974,36.69316,0.8035443
-117.18035,36.69189,0.796275
-117.2122,36.688072,0.82857835
-117.22281,36.68679,0.8179261
-117.23342,36.685524,0.8107611
-117.244064,36.68424,0.8179261
-117.25466,36.68297,0.85300094
-117.26529,36.681686,0.8734701
-117.27621,36.68037,0.7999163
-121.558365,36.08841,2.7396798
-116.6866,36.757603,0.8107611
-117.00348,36.72042,0.796275
-117.09685,36.709347,0.8214895
-117.10736,36.7081,0.82857835
-117.11784,36.706837,0.7999163
-117.128456,36.705574,0.8107611
-117.16042,36.70174,0.7999163
-117.17106,36.700462,0.7926205
-117.18169,36.699192,0.7926205
-117.23468,36.692814,0.7926205
-117.24528,36.691536,0.8179261
-117.25589,36.690254,0.8460837
-117.26652,36.688965,0.85644174
-117.27742,36.687653,0.796275
-117.63086,36.64439,0.7999163
-117.64087,36.64314,0.7999163
-121.55133,36.096313,1.8497863
-117.098335,36.716656,0.8035443
-117.10877,36.715416,0.8214895
-117.11923,36.714157,0.7999163
-117.12975,36.712902,0.81434995
-117.25713,36.69754,0.8214895
-117.26774,36.696262,0.85644174
-117.63211,36.651543,0.82504016
-117.642075,36.65031,0.8179261
-117.6521,36.649067,0.8107611
-117.71316,36.641457,0.7926205
-121.56148,36.10157,0.8868872
-116.60547,36.76687,0.7926205
-116.68365,36.758232,0.8035443
-116.69481,36.756985,0.7999163
-116.99064,36.72377,0.8035443
-117.001236,36.72257,0.8214895
-117.09473,36.711876,0.8107611
-117.10525,36.710667,0.842607
-117.11575,36.70946,0.8035443
-117.126335,36.70824,0.8356173
-117.169,36.703335,0.7999163
-117.24331,36.694748,0.7926205
-117.25394,36.693512,0.82857835
-117.26454,36.69229,0.8598707
-117.27533,36.691044,0.8179261
-117.629654,36.649315,0.81434995
-117.6396,36.648136,0.8179261
-117.64964,36.64693,0.81434995
-117.10672,36.71797,0.7999163
-117.11717,36.716778,0.7999163
-117.12768,36.715565,0.8035443
-117.202225,36.70695,0.8071592
-117.26579,36.699577,0.8460837
-117.27656,36.69832,0.82857835
-117.630936,36.656487,0.82504016
-117.64083,36.655304,0.82504016
-117.65087,36.6541,0.8391183
-117.66093,36.652885,0.8035443
-116.71979,36.769424,0.8107611
-117.13967,36.721653,0.8214895
-117.19292,36.715485,0.7926205
-117.20353,36.714256,0.7926205
-117.27785,36.705605,0.82857835
-117.62247,36.66483,0.81434995
-117.63225,36.663647,0.82857835
-117.64215,36.66246,0.82857835
-117.65214,36.66126,0.8460837
-117.66216,36.660046,0.8356173
-117.67223,36.658833,0.8391183
-117.68231,36.657627,0.7926205
-121.58233,36.118065,1.6158143
-116.72113,36.776886,0.7999163
-117.20486,36.721554,0.7926205
-117.21547,36.72031,0.796275
-117.27925,36.712864,0.8035443
-117.63363,36.6708,0.8179261
-117.64346,36.669613,0.8356173
-117.653435,36.668415,0.82857835
-117.66344,36.667206,0.82504016
-117.67349,36.665993,0.8214895
-117.683556,36.66478,0.8460837
-117.69366,36.66356,0.8107611
-121.583855,36.12465,1.2208493
-116.72246,36.784344,0.7926205
-117.2062,36.72886,0.7999163
-117.64483,36.67676,0.8035443
-117.68483,36.671932,0.8460837
-117.694885,36.670715,0.8666935
-117.70496,36.66948,0.85300094
-121.58539,36.13123,0.8666935
-121.59383,36.12991,1.1284298
-117.13309,36.744843,0.796275
-117.6962,36.677864,0.8179261
-117.70624,36.676632,0.8632879
-117.7163,36.675415,0.8071592
-117.726395,36.67419,0.7999163
-117.27241,36.735966,0.82504016
-117.28312,36.734695,0.7999163
-117.293976,36.73341,0.8035443
-117.305046,36.73211,0.7926205
-117.66738,36.688663,0.796275
-121.60552,36.14172,1.5881088
-117.231384,36.74825,0.7926205
-117.241974,36.747,0.7999163
-117.25253,36.74575,0.82504016
-117.273705,36.743248,0.84954834
-117.284454,36.741966,0.8666935
-117.29539,36.740685,0.84954834
-117.66878,36.695805,0.8107611
-121.60709,36.1483,1.3356764
-117.23274,36.755535,0.8071592
-117.2433,36.75428,0.8391183
-117.25388,36.75303,0.8868872
-117.26446,36.751778,0.8460837
-117.275116,36.750507,0.82857835
-117.285866,36.749237,0.7999163
-117.66024,36.704163,0.8035443
-121.60861,36.15488,1.669024
-117.22348,36.764076,0.796275
-117.23406,36.762817,0.8107611
-117.24465,36.76157,0.8356173
-117.255264,36.7603,0.8179261
-117.27662,36.757767,0.7926205
-121.65301,36.154762,0.9971887
-117.23541,36.77011,0.796275
-117.24602,36.768856,0.82857835
-121.62021,36.166714,1.6598375
-121.62876,36.16538,2.181291
-121.63735,36.164036,0.92288184
-121.64594,36.162697,1.0663539
-121.65451,36.161358,1.4891785
-117.226166,36.778667,0.796275
-117.23677,36.777405,0.7926205
-117.24738,36.776134,0.8035443
-117.6646,36.72557,0.7999163
-117.6745,36.724354,0.8391183
-117.6844,36.723145,0.82504016
-121.63025,36.171967,2.0212078
-121.63881,36.170628,1.4251426
-121.64741,36.169292,1.6841497
-121.656,36.16795,1.2232323
-117.22752,36.78596,0.81434995
-117.23814,36.78469,0.7926205
-117.567024,36.744835,0.7926205
-117.67609,36.73148,0.8598707
-117.68587,36.730278,0.8214895
-121.631805,36.178543,1.0992216
-121.6403,36.177216,1.4836904
-121.64888,36.175877,1.5630084
-117.15516,36.802055,0.8071592
-117.165436,36.80084,0.7926205
-117.82747,36.72001,0.8214895
-117.80873,36.729626,0.82504016
-117.818756,36.72837,0.8460837
-117.8288,36.727116,0.8700876
-117.838875,36.72586,0.796275
-117.84904,36.72459,0.7999163
-117.779915,36.740513,0.8035443
-117.81008,36.736732,0.7926205
-117.82009,36.735477,0.85300094
-117.83013,36.73423,0.85644174
-117.8402,36.732964,0.8214895
-117.85038,36.731678,0.7926205
-117.816696,36.734444,0.83210397
-117.826744,36.733227,0.89352876
-117.8368,36.73202,0.8071592
-117.84696,36.730793,0.8179261
-117.22846,36.811356,0.81434995
-117.23912,36.81012,0.7926205
-117.249756,36.808895,0.796275
-117.77777,36.74643,0.85644174
-117.78786,36.74521,0.83210397
-117.80799,36.74278,0.81434995
-117.81803,36.74156,0.81434995
-117.83814,36.73912,0.8356173
-117.84826,36.737892,0.796275
-117.22983,36.818645,0.8107611
-117.24051,36.817413,0.7999163
-117.25117,36.816177,0.8071592
-117.74891,36.757202,0.84954834
-117.758965,36.755985,0.82857835
-117.83949,36.746235,0.8460837
-117.849556,36.745003,0.83210397
-117.859695,36.74377,0.8035443
-117.24189,36.8247,0.7926205
-117.750305,36.76433,0.8391183
-117.76036,36.763115,0.82857835
-117.84086,36.753334,0.796275
-117.8509,36.75211,0.8391183
-117.86096,36.75089,0.82857835
-117.77179,36.769016,0.7926205
-117.79192,36.76657,0.8071592
-117.801994,36.765343,0.83210397
-117.812065,36.76411,0.81434995
-117.783226,36.774906,0.8734701
-117.79328,36.773685,0.8598707
-117.80336,36.772465,0.8460837
-117.81343,36.771225,0.796275
-117.774574,36.783253,0.7999163
-117.784615,36.782036,0.8768413
-117.79465,36.78081,0.8700876
-117.80471,36.779575,0.7999163
-117.87513,36.770947,0.84954834
-117.88529,36.769684,0.7999163
-117.60762,36.810852,0.7926205
-117.755974,36.792828,0.7926205
-117.76597,36.791603,0.8460837
-117.776,36.790375,0.8071592
-117.786026,36.78914,0.796275
-117.806076,36.786694,0.8391183
-117.81615,36.785454,0.8214895
-117.82621,36.784218,0.8802012
-117.87651,36.778034,0.81434995
-117.60921,36.817997,0.8035443
-117.75741,36.799946,0.8835497
-117.76738,36.798725,0.85300094
-117.777405,36.797493,0.8356173
-117.787415,36.79627,0.8666935
-117.79745,36.795033,0.92928946
-117.80747,36.7938,0.94826937
-117.81755,36.792564,0.9196627
-117.82761,36.791332,0.93247783
-117.83768,36.790096,0.85644174
-117.877914,36.785114,0.796275
-117.75879,36.807076,0.8035443
-117.77881,36.804615,0.8071592
-117.78888,36.80338,0.9451309
-117.79895,36.80214,0.9451309
-117.80896,36.800903,0.95762587
-117.818985,36.799667,0.9668957
-117.82904,36.79843,0.91319287
-117.839096,36.79718,0.8902135
-117.77023,36.812965,0.8107611
-117.78034,36.81172,0.9260908
-117.790504,36.810463,0.9513979
-117.80065,36.809204,0.9513979
-117.810585,36.807983,0.9607253
-117.8205,36.80676,0.94826937
-117.830505,36.805515,0.8835497
-117.840546,36.80429,0.8734701
-117.850586,36.80304,0.796275
-117.761665,36.821312,0.796275
-117.77179,36.820065,0.8598707
-117.78212,36.818787,0.91319287
-117.792305,36.81752,0.89352876
-117.80248,36.816265,0.8902135
-117.81228,36.81506,0.9034091
-117.822075,36.813847,0.89352876
-117.832016,36.81261,0.8700876
-117.842,36.811375,0.85644174
-117.852036,36.81013,0.7999163
-117.76329,36.828407,0.8356173
-117.77357,36.827133,0.89352876
-117.783905,36.82585,0.8902135
-117.79417,36.824577,0.9001266
-117.80424,36.823326,0.85644174
-117.81392,36.822132,0.8734701
-117.82366,36.82093,0.8734701
-117.833534,36.8197,0.8802012
-117.84347,36.81847,0.8666935
-117.85351,36.817215,0.8214895
-117.87361,36.814713,0.8107611
-117.734474,36.839275,0.7926205
-117.765015,36.835476,0.83210397
-117.775314,36.83421,0.8666935
-117.785645,36.83292,0.8666935
-117.795944,36.831646,0.8734701
-117.80579,36.830418,0.8214895
-117.81532,36.829247,0.842607
-117.82508,36.828033,0.8598707
-117.83505,36.82679,0.916433
-117.84499,36.825554,0.8632879
-117.854996,36.824303,0.8214895
-117.865005,36.823067,0.7999163
-117.7361,36.846375,0.8179261
-117.76681,36.84256,0.8768413
-117.77704,36.841278,0.89352876
-117.78738,36.83999,0.8700876
-117.7975,36.83873,0.842607
-117.807045,36.837547,0.81434995
-117.81663,36.836365,0.85300094
-117.82654,36.83513,0.8902135
-117.83659,36.83388,0.9099423
-117.846565,36.83263,0.8632879
-117.8565,36.83139,0.8179261
-117.86647,36.830143,0.7926205
-117.87654,36.82888,0.8071592
-117.71753,36.85598,0.7999163
-117.72769,36.854713,0.796275
-117.73783,36.853455,0.82504016
-117.76858,36.84962,0.85300094
-117.7788,36.848347,0.84954834
-117.78902,36.847073,0.82504016
-117.80821,36.844692,0.8356173
-117.818,36.843475,0.8598707
-117.82803,36.842216,0.8868872
-117.83814,36.840958,0.8700876
-117.848045,36.839718,0.83210397
-117.85797,36.838467,0.8107611
-117.715034,36.853947,0.8035443
-117.7252,36.852734,0.81434995
-117.735306,36.851524,0.8356173
-117.766106,36.84784,0.842607
-117.77637,36.846603,0.8802012
-117.7867,36.84536,0.8734701
-117.80609,36.843025,0.8035443
-117.81578,36.841854,0.8598707
-117.82576,36.840652,0.8768413
-117.835915,36.839428,0.89683306
-117.84587,36.838226,0.85300094
-117.855804,36.837025,0.82504016
-117.76788,36.854916,0.83210397
-117.77806,36.853695,0.7926205
-117.80732,36.85016,0.8460837
-117.81724,36.848957,0.8734701
-117.82733,36.847748,0.8868872
-117.837425,36.84652,0.8391183
-117.847305,36.84532,0.8214895
-117.85725,36.84412,0.8107611
-117.769646,36.862007,0.84954834
-117.789055,36.859657,0.8460837
-117.798836,36.858467,0.85644174
-117.80874,36.857273,0.842607
-117.81881,36.856045,0.8700876
-117.82896,36.85482,0.842607
-117.83892,36.853615,0.8356173
-117.84877,36.852417,0.8107611
-117.85873,36.851208,0.8035443
-117.77144,36.869076,0.8179261
-117.79035,36.866787,0.83210397
-117.800316,36.865574,0.842607
-117.82042,36.86314,0.8391183
-117.830475,36.861916,0.8391183
-117.84031,36.86073,0.8107611
-117.85019,36.85952,0.8071592
-117.791885,36.873886,0.8035443
-117.80187,36.87268,0.81434995
-117.82202,36.870224,0.842607
-117.83182,36.869026,0.842607
-117.84157,36.867847,0.8071592
-117.851524,36.866634,0.7999163
-117.80339,36.87978,0.81434995
-117.813385,36.87856,0.8179261
-117.82337,36.877335,0.8214895
-117.83299,36.876175,0.82504016
-117.84281,36.874966,0.82504016
-117.85288,36.87374,0.796275
-117.79501,36.888084,0.81434995
-117.80495,36.88688,0.82504016
-117.8149,36.88566,0.7999163
-117.834274,36.88329,0.83210397
-117.85448,36.88082,0.8107611
-117.82608,36.891575,0.8035443
-117.835815,36.89038,0.8035443
-117.84589,36.889156,0.8035443
-117.80814,36.90105,0.8107611
-117.81796,36.89984,0.8071592
-117.82773,36.898647,0.7926205
-117.83763,36.89744,0.8107611
-117.809654,36.908154,0.7999163
-117.81952,36.906944,0.8035443
-117.86913,36.900826,0.82857835
-121.46239,36.401775,2.056996
-121.53897,36.389915,1.0719074
-121.547516,36.38859,2.0445106
-117.8013,36.916462,0.7926205
-117.81124,36.915245,0.8035443
-117.82121,36.91401,0.8107611
-117.8607,36.90914,0.8071592
-117.87084,36.907898,0.8071592
-121.455505,36.409664,1.5630084
-121.46399,36.408356,1.5197216
-121.54905,36.395172,1.2651833
-121.55759,36.39385,1.0381141
-117.823074,36.921055,0.796275
-121.45708,36.416245,1.5197216
-121.465546,36.41493,1.532032
-117.81473,36.929367,0.796275
-117.85412,36.924496,0.7999163
-121.45865,36.42282,1.3076352
-121.4687,36.428085,1.2720072
-121.614944,36.412216,1.0236894
-121.471855,36.44125,1.4520087
-121.61657,36.4188,0.9971887
-121.60013,36.42784,1.2513943
-121.65118,36.41988,1.4633055
-121.64428,36.427773,0.8071592
-121.65277,36.42645,2.0995069
-117.45752,37.01409,0.8071592
-117.46797,37.012863,0.7926205
-117.45883,37.021324,0.83210397
-117.46925,37.0201,0.81434995
-117.44973,37.0298,0.7999163
-117.46013,37.028572,0.84954834
-117.470566,37.027336,0.83210397
-121.710335,36.44474,2.9436097
-121.718834,36.44341,0.89683306
-117.45109,37.03704,0.83210397
-117.46144,37.03581,0.8700876
-117.47189,37.034573,0.8356173
-121.71195,36.45132,1.4270858
-117.4523,37.044292,0.81434995
-117.46272,37.043056,0.81434995
-117.47319,37.041798,0.82504016
-117.02412,37.13962,0.7999163
-117.0351,37.138332,0.8356173
-117.025375,37.14701,0.82504016
-117.036354,37.145714,0.8868872
-117.047356,37.14443,0.8356173
-117.03763,37.153103,0.84954834
-117.04861,37.151806,0.8598707
-117.05963,37.1505,0.796275
-117.03367,37.14754,0.8734701
-117.04466,37.146305,0.8734701
-117.0557,37.145058,0.7999163
-117.03495,37.154926,0.8071592
-117.04594,37.153687,0.8632879
-117.05697,37.152443,0.8179261
-117.04723,37.161064,0.84954834
-117.058266,37.159817,0.7999163
-117.05954,37.167194,0.8071592
-117.79612,37.13933,0.8107611
-121.68438,36.598206,1.0031387
-117.78712,37.147755,0.8179261
-117.797295,37.1465,0.81434995
-118.27959,37.09336,0.8035443
-117.06298,37.249626,0.8214895
-117.0739,37.248344,0.7999163
-117.06431,37.257,0.7926205
-117.059265,37.25204,0.8035443
-117.07022,37.250813,0.8179261
-117.74635,37.17256,0.81434995
-117.0729,37.26557,0.7926205
-117.739334,37.188046,0.7999163
-117.74921,37.186863,0.8179261
-117.75936,37.185658,0.796275
-117.053635,37.28282,0.7926205
-117.10017,37.352764,0.7926205
-118.30758,37.3772,0.796275
-118.299805,37.38537,0.796275
-118.308945,37.384224,0.7926205
-118.31035,37.391235,0.8214895
-118.31594,37.41929,0.8214895
-118.31733,37.4263,0.8107611
-118.31542,37.426136,0.81434995
-118.29807,37.435474,0.7999163
-118.3334,37.467033,0.8107611
-118.34304,37.465828,0.81434995
-118.352806,37.46461,0.81434995
-118.35422,37.47161,0.8071592
-117.00708,37.639935,0.7926205
-118.3308,37.503304,0.8214895
-118.34027,37.502117,0.81434995
-118.3795,37.497158,0.8071592
-118.34166,37.50913,0.7926205
-118.38088,37.504166,0.7926205
-121.237595,37.16891,1.665971
-121.254776,37.166325,1.216066
-121.2391,37.1755,1.9162204
-121.256294,37.17291,1.3441486
-121.264915,37.17161,2.0538893
-121.299324,37.166412,1.6317602
-121.307915,37.165115,2.199389
-122.13283,37.037174,0.7999163
-121.189,37.18985,1.9066526
-121.19761,37.18856,2.0244176
-121.2062,37.187267,1.8253205
-121.214806,37.185974,1.0178608
-121.32666,37.169098,1.0061005
-121.335266,37.167793,2.3891358
-121.34386,37.166492,2.6403458
-122.12576,37.045143,1.0001682
-121.19913,37.19515,0.9451309
-121.3454,37.173073,2.9380558
-121.354,37.171772,1.7481126
-122.127365,37.05172,1.0883852
-122.135994,37.050358,1.2232323
-122.161964,37.04623,1.5630084
-121.35556,37.17835,3.518123
-121.36414,37.177044,2.419095
-122.12032,37.059677,0.8768413
-121.21076,37.207035,1.3120008
-121.3657,37.183624,1.8896852
-121.37429,37.182323,1.7662535
-122.121925,37.066254,2.2441084
-121.36724,37.190205,1.4818543
-121.37585,37.188904,1.8711805
-121.384445,37.1876,3.4511693
-122.11501,37.074196,0.8835497
-121.386,37.19418,1.4891785
-121.37895,37.202072,0.796275
-121.38756,37.200764,2.038209
-121.39615,37.19945,3.141982
-121.404755,37.198135,3.91224
-121.41336,37.196823,3.355144
-121.389114,37.207344,0.9451309
-121.397705,37.20603,3.2318099
-121.40631,37.204716,3.4767425
-121.41492,37.203403,3.8235087
-121.40787,37.2113,1.1019125
-121.41647,37.209984,2.6793861
-121.425064,37.20867,0.796275
-121.425125,37.21479,1.2184604
-121.4267,37.221367,1.0523337
-121.43686,37.22664,0.90668106
-121.69476,37.187065,1.7676353
-121.703354,37.18573,1.2374123
-121.4384,37.23321,1.5072578
-121.70494,37.192314,1.3567239
-121.431335,37.241096,1.5441927
-121.43996,37.239788,2.6264014
-121.44855,37.238483,1.3335471
-121.71513,37.197563,1.2988465
-122.13682,37.13143,1.6960877
-121.43291,37.247677,1.2855169
-121.44151,37.246372,4.5175276
-121.450066,37.24506,3.0119452
-122.13844,37.138012,0.9730281
-122.147,37.13666,0.8107611
-121.44307,37.25295,2.4248376
-121.45162,37.251644,1.9604583
-121.726906,37.209393,1.3773375
-122.14007,37.144592,2.064208
-121.44464,37.259525,1.5285302
-121.45319,37.258224,3.6326725
-121.4618,37.256916,2.8748338
-121.72849,37.215973,0.8356173
-121.43759,37.267414,2.0028217
-121.4462,37.266106,1.9818643
-121.45475,37.26481,2.3389404
-121.463356,37.263496,1.2560118
-122.14327,37.15777,1.9638687
-122.151855,37.156414,1.7799875
-121.43056,37.2753,1.8015769
-121.43915,37.27399,1.5126185
-122.15348,37.16299,1.6705468
-121.42354,37.283176,1.943229
-121.43211,37.281876,2.4383452
-121.44071,37.28057,1.7108127
-121.425095,37.289753,1.1465822
-121.433685,37.288456,1.7367833
-122.14814,37.17752,0.8802012
-121.42667,37.296326,1.0294843
-121.43526,37.295025,2.748522
-122.33149,37.155205,1.4114339
-122.340164,37.15382,0.8700876
-121.498604,37.299057,1.6109805
-121.50721,37.29774,2.2585812
-121.500175,37.305576,1.1099417
-121.50879,37.304268,2.2328978
-121.551796,37.297688,0.9513979
-121.56037,37.296368,1.4231957
-117.35202,37.862263,0.7926205
-121.50941,37.310726,2.199389
-121.54386,37.305466,1.5476402
-121.552475,37.304146,2.7624066
-121.56108,37.302834,2.9659393
-121.56969,37.301514,2.1591322
-121.54543,37.312046,1.0119979
-121.55405,37.310726,1.0031387
-121.56265,37.309414,2.4832225
-121.57126,37.308094,1.0061005
-121.435104,37.3357,3.333166
-121.47815,37.329155,1.5731243
-122.331505,37.19574,0.8356173
-117.38871,37.88053,0.8391183
-117.39959,37.87928,0.8179261
-121.43667,37.342278,1.5663917
-121.47972,37.33573,1.0001682
-117.36826,37.890354,0.7926205
-117.37919,37.889103,0.8179261
-121.56737,37.329155,1.3378012
-121.568954,37.335735,2.442573
-122.31906,37.21829,1.1231823
-121.501595,37.352844,1.9615964
-121.51177,37.358112,0.9638152
-122.313675,37.232864,1.6238191
-122.308334,37.247414,1.4367452
-121.54236,37.373913,1.1542621
-121.50082,37.38707,1.82271
-121.56115,37.37786,1.7296365
-121.569786,37.376545,1.1491487
-121.57839,37.375225,1.4270858
-121.502426,37.393612,1.3854654
-121.5972,37.37917,0.8768413
-121.590164,37.387074,1.0466701
-121.598785,37.38575,2.383184
-121.60735,37.38439,1.4386659
-121.6003,37.39229,1.7049487
-121.72089,37.37377,0.9513979
-121.58553,37.40746,1.1414293
-121.594154,37.406143,2.9168394
-121.602776,37.404823,1.2467554
-121.41469,37.440296,0.93247783
-121.42332,37.438988,0.9971887
-121.587105,37.41404,3.7825627
-121.60435,37.411404,3.2413454
-118.08989,37.898006,0.8179261
-121.58869,37.420624,2.7562594
-121.59731,37.419304,3.1118343
-121.605934,37.417984,2.9487092
-118.091446,37.905083,0.8107611
-121.547134,37.433792,1.3441486
-121.555756,37.432476,2.4586165
-121.58164,37.428524,1.2855169
-121.59026,37.427204,2.092546
-121.598885,37.425884,2.6743796
-121.607506,37.42457,2.4551506
-121.616135,37.423244,0.81434995
-121.548706,37.440372,4.2186623
-121.55734,37.439056,4.151455
-121.56596,37.43774,2.4205337
-121.57458,37.436424,2.5466576
-121.59185,37.433784,1.8823243
-121.600464,37.432465,2.5183806
-121.609085,37.43115,1.0911055
-118.10424,37.918083,0.8035443
-121.55028,37.446953,1.3854654
-121.558914,37.445637,2.9906304
-121.567535,37.444324,2.1885695
-121.576164,37.443005,2.7132113
-121.584785,37.441685,1.0856578
-121.602036,37.439045,2.2885551
-121.61929,37.436405,2.6693478
-121.62792,37.435085,1.0746727
-121.645164,37.43244,0.9791232
-121.72266,37.420532,1.4576731
-118.10569,37.92519,0.7999163
-118.11588,37.92395,0.8035443
-121.560486,37.452217,1.4670429
-121.5691,37.450905,1.3271317
-121.62087,37.44299,2.065234
-121.62949,37.441666,1.3995322
-121.515076,37.4864,2.3104603
-121.51663,37.492977,3.0359278
-121.52527,37.491665,1.7296365
-121.62014,37.477215,1.7975641
-121.62877,37.47589,1.3141763
-121.637405,37.47457,0.84954834
-121.5182,37.499554,1.9717817
-121.630356,37.48247,1.5748004
-121.511154,37.50744,1.2513943
-121.519775,37.50613,2.0965297
-121.5284,37.504818,1.0466701
-121.63194,37.489056,1.3228319
-121.6405,37.48769,1.294423
-117.72103,38.030354,0.7926205
-121.50409,37.51533,1.6886432
-121.512726,37.51402,1.6705468
-121.52135,37.512707,2.7174935
-121.64209,37.49427,1.7137318
-121.65071,37.49294,1.3588045
-121.64369,37.50085,1.8599112
-121.652306,37.49952,1.4231957
-117.718925,38.034657,0.7926205
-117.72954,38.03342,0.7999163
-121.65279,37.505928,1.41537
-121.730415,37.494003,1.3378012
-117.86877,38.03187,0.796275
-117.95182,38.022053,0.8071592
-117.96222,38.02082,0.7926205
-121.69905,37.512478,1.3185135
-121.70767,37.511154,1.7921888
-121.71631,37.509823,1.9717817
-117.72339,38.0563,0.796275
-117.953186,38.029213,0.8107611
-117.963585,38.02798,0.796275
-117.97395,38.026733,0.7999163
-117.90387,38.04975,0.7999163
-119.64759,37.828545,0.8835497
-117.905235,38.056923,0.796275
-117.91073,38.085636,0.7999163
-120.25435,37.77947,1.7224385
-120.26309,37.77824,0.9034091
-117.90191,38.094036,0.83210397
-117.91214,38.0928,0.8107611
-120.25584,37.78614,1.0965235
-119.62989,37.879513,1.2184604
-119.63885,37.878304,1.1440091
-119.63131,37.886276,1.9397472
-119.64028,37.885056,1.1362498
-118.32389,38.2357,0.796275
-118.514694,38.505924,0.7926205
-118.52459,38.504715,0.7999163
-108.5339,39.302353,2.9133322
-108.54519,39.30195,2.7196279
-108.53289,39.31435,2.4397564
-108.54316,39.313972,2.5078964
-108.55461,39.325512,1.1045959
-112.57597,39.145264,0.8071592
-112.56367,39.15585,0.7926205
-112.576904,39.15486,0.8035443
-112.55135,39.16644,0.7999163
-112.592224,39.17305,0.7926205
-112.5697,39.154827,0.81434995
-112.54404,39.166256,0.7999163
-112.557396,39.165348,0.8071592
-118.519424,38.59867,0.7999163
-118.52942,38.597446,0.796275
-122.82508,38.034637,0.98819673
-122.83397,38.0332,2.5636218
-108.707306,39.47165,1.0466701
-108.716675,39.471268,1.3076352
-108.7158,39.46853,1.7034774
-108.6144,39.519722,0.9034091
-118.708786,38.797867,0.7926205
-118.71022,38.804874,0.8107611
-118.71168,38.811886,0.796275
-118.72168,38.810646,0.7999163
-122.19315,38.38693,0.7999163
-122.31127,38.46333,1.5781441
-122.32003,38.46196,0.7926205
-122.3129,38.469902,2.6838155
-122.32166,38.468533,2.144082
-122.15858,38.514008,1.9773957
-122.151474,38.52194,1.2136658
-122.160225,38.520576,0.89683306
-122.12684,38.532585,0.94826937
-122.1197,38.540524,1.1310432
-122.128494,38.53916,0.9668957
-122.12132,38.5471,2.0875442
-122.131744,38.552315,1.2697377
-122.333015,38.520985,2.2703447
-122.1246,38.56025,1.5407332
-122.133385,38.55889,1.2674632
-122.12624,38.566822,1.3955333
-122.127884,38.573395,1.0294843
-122.33974,38.54727,0.93247783
-122.10492,38.59059,0.9607253
-122.11365,38.589245,1.0883852
-122.288704,38.562073,1.9066526
-122.34138,38.553852,1.421245
-122.33426,38.561802,0.83210397
-122.34302,38.560432,0.92928946
-122.344696,38.56701,0.8356173
-122.302444,38.58043,1.3141763
-122.3112,38.57906,3.2498505
-122.32003,38.57769,2.6893246
-122.32885,38.57632,1.2444278
-122.31288,38.585632,3.6733308
-122.32166,38.584263,2.7454102
-122.32335,38.59084,2.327961
-122.332184,38.58947,1.3271317
-122.07869,38.634747,0.7999163
-122.32392,38.596684,1.7353579
-122.33273,38.595295,2.386908
-122.07159,38.64267,0.8734701
-122.08909,38.639977,1.2922039
-122.3256,38.60325,1.7238822
-122.33441,38.601868,2.7137475
-122.08198,38.6479,1.216066
-122.09072,38.646553,1.3975347
-122.09238,38.65313,1.3076352
-122.101105,38.651783,1.0774304
-122.09402,38.659702,1.0607694
-122.10441,38.664925,0.85300094
-122.2233,38.66702,0.93247783
-122.92849,38.56206,0.842607
-122.940765,38.573822,0.7999163
-122.49316,38.652172,2.2065375
-122.501884,38.650795,1.3120008
-122.51223,38.656,1.4055008
-122.52093,38.654617,1.6644412
-118.812805,39.186764,0.796275
-118.822914,39.18549,0.7999163
-122.40867,38.67912,0.9451309
-122.522705,38.66119,1.3335471
-122.33139,38.698032,2.063181
-123.05404,38.583,1.1258094
-123.06296,38.58156,0.8391183
-122.39327,38.694706,1.9304028
-122.4108,38.691956,1.9304028
-122.419556,38.690582,2.7078323
-122.412506,38.69852,0.91319287
-122.42125,38.69715,3.74638
-122.54391,38.677834,2.514462
-123.073685,38.59251,1.0381141
-123.07542,38.599106,1.4114339
-123.08435,38.597652,2.3428326
-123.096565,38.60943,1.4482147
-122.965355,38.637665,1.1991425
-119.03039,39.209995,0.7926205
-122.96715,38.64425,1.3141763
-122.97947,38.656002,2.2644804
-122.9812,38.6626,2.2441084
-122.9901,38.661156,2.416933
-122.99903,38.65971,0.89683306
-122.38351,38.764606,2.867045
-122.392334,38.763226,2.709449
-122.991875,38.667744,2.0233488
-123.00076,38.66631,1.532032
-122.394,38.7698,1.7195448
-122.98477,38.675766,1.0719074
-122.99364,38.674335,2.941904
-123.00247,38.672913,1.281034
-123.090866,38.658558,1.6871476
-122.395676,38.77638,1.9995416
-122.40453,38.774998,1.0938182
-122.99537,38.680927,1.9030409
-123.00418,38.67951,1.5197216
-123.07488,38.668037,1.232708
-122.4062,38.78157,1.3292748
-123.08732,38.679783,1.6317602
-122.41833,38.79335,2.2669978
-123.071075,38.689285,1.0119979
-123.079956,38.68786,1.0409743
-122.23553,38.8688,1.9197849
-122.305725,38.85791,1.6474559
-122.23719,38.87537,1.6735858
-122.27222,38.86994,1.7745165
-122.28098,38.86858,3.0540218
-122.49212,38.835606,0.8071592
-122.34751,38.878727,0.9001266
-122.50593,38.85395,1.1517086
-122.34037,38.886673,1.1099417
-122.34918,38.885303,3.4734874
-122.35803,38.883926,2.832892
-122.48109,38.86469,2.5864112
-122.48995,38.863297,1.2112598
-122.49879,38.861916,1.5647016
-122.50762,38.860527,0.94198257
-122.35083,38.89187,3.138482
-122.359695,38.8905,1.5680792
-122.4916,38.869877,1.478172
-114.4204,40.048405,3.3059604
-114.43131,40.047474,3.1377807
-114.44174,40.04658,1.3975347
-114.40935,40.0582,3.408466
-114.43204,40.056244,4.3445587
-114.44254,40.055347,1.8823243
-114.410576,40.066967,1.7195448
-114.42214,40.06595,3.141982
-114.43295,40.065014,2.130725
-114.44326,40.064125,0.8666935
-118.83413,39.60757,0.8107611
-118.80491,39.61844,0.7926205
-118.82533,39.6159,0.842607
-118.83555,39.61462,0.8179261
-118.82677,39.62294,0.83210397
-118.813965,39.623993,0.796275
-118.82417,39.622757,0.8214895
-118.83442,39.62152,0.7926205
-118.77419,39.63603,0.8391183
-118.784515,39.63478,0.8107611
-118.7653,39.644337,0.8768413
-118.77563,39.643085,0.8768413
-118.785965,39.64183,0.81434995
-118.796364,39.640564,0.8214895
-118.80663,39.639317,0.82504016
-118.81681,39.638096,0.84954834
-118.75642,39.65264,0.83210397
-118.76673,39.651386,0.8666935
-118.77706,39.650135,0.85300094
-118.81826,39.64513,0.8391183
-118.75785,39.6597,0.82857835
-118.778496,39.65719,0.8391183
-118.819664,39.652176,0.842607
-118.779915,39.664246,0.8071592
-118.81083,39.66048,0.81434995
-118.82108,39.659225,0.7926205
-118.77102,39.67257,0.7926205
-118.78135,39.671314,0.8035443
-118.80196,39.66878,0.8391183
-118.81222,39.667538,0.85644174
-118.80337,39.67585,0.7999163
-118.81364,39.674583,0.8071592
-118.7945,39.684162,0.7999163
-118.80479,39.68289,0.8071592
-105.79863,40.55703,1.1618835
-105.797615,40.57077,1.0090536
-118.91026,39.68429,0.796275
-118.92052,39.68301,0.7999163
-118.93076,39.68173,0.8107611
-118.841385,39.70726,0.7926205
-118.84294,39.714294,0.7926205
-105.79046,40.563404,1.8823243
-105.81047,40.56329,0.8598707
-105.80815,40.577026,0.842607
-105.77573,40.645943,2.1469214
-105.79166,40.645798,2.8633587
-105.80365,40.64568,0.9099423
-105.81995,40.65924,1.1967013
-105.82145,40.672928,2.6609046
-105.839905,40.67273,1.3163472
-105.80672,40.666374,2.291013
-105.8322,40.666237,2.6322353
-122.68614,39.51899,1.4309608
-122.71443,39.521378,1.0409743
-122.72332,39.519974,0.89352876
-122.63673,39.540367,1.3546389
-122.645515,39.538998,0.8632879
-122.663025,39.536274,0.94826937
-122.67185,39.534893,1.117907
-122.7251,39.526524,1.3076352
-122.63842,39.54694,2.3120642
-122.647194,39.54557,1.9490051
-122.65596,39.54421,1.2765307
-122.66475,39.542835,1.4707664
-122.6736,39.541447,1.2674632
-122.7447,39.530262,1.0090536
-122.640076,39.553516,1.3249842
-122.75523,39.53544,1.5544996
-122.75698,39.542,1.3163472
-122.907776,39.51807,1.5355215
-122.916565,39.516685,2.2844455
-122.66126,39.563866,1.0691346
-122.909515,39.524643,1.2899798
-122.91821,39.523254,1.369143
-122.66304,39.570423,1.642773
-122.68069,39.56766,1.2420948
-121.093185,39.811504,1.5881088
-122.682365,39.57423,1.8884621
-122.69119,39.572845,1.6349192
-122.70884,39.570076,0.83210397
-122.71777,39.568676,1.1072724
-122.77996,39.558895,1.8214021
-122.797646,39.556103,1.8459628
-122.815445,39.553295,1.0691346
-121.09477,39.81815,1.3098203
-122.69282,39.57942,1.8573896
-122.72836,39.57385,0.9196627
-122.73716,39.57246,1.4328926
-122.74599,39.57107,1.6766155
-122.754974,39.569664,1.0607694
-120.867874,39.85705,1.6380681
-120.87715,39.855755,1.1918008
-122.75671,39.57623,1.8674382
-120.86024,39.865,3.8117757
-120.86957,39.863693,3.694666
-120.93375,39.85466,1.2606081
-122.75846,39.582787,0.92288184
-122.79372,39.577225,0.8835497
-120.86185,39.871655,2.525525
-120.93578,39.861225,1.4520087
-120.94469,39.85998,0.916433
-120.93764,39.867832,1.0323691
-122.76185,39.595924,1.5831388
-120.855896,39.886253,2.1858463
-120.93007,39.875763,1.4836904
-120.939384,39.874447,1.0090536
-122.745605,39.60529,0.83210397
-122.76353,39.602497,1.4463122
-120.903854,39.89126,1.4873525
-120.85885,39.90437,2.4992964
-120.86817,39.903084,1.0607694
-120.87743,39.901787,2.312865
-120.886696,39.900505,1.8240161
-120.896,39.89922,0.83210397
-120.90527,39.897934,1.3711978
-120.86024,39.911057,0.91319287
-120.86957,39.909763,1.4928207
-120.8789,39.908474,4.4609513
-120.88816,39.907177,2.0621529
-120.89741,39.905888,0.8071592
-120.90664,39.904606,1.6931167
-120.889565,39.913845,1.4818543
-120.89883,39.912563,1.1126039
-122.744316,39.63888,0.82857835
-122.78145,39.639885,2.015835
-122.83651,39.63803,1.2015777
-122.84546,39.636612,1.9995416
-122.8026,39.65022,1.5108348
-122.82035,39.64742,1.5424645
-122.8381,39.64462,1.4251426
-122.83975,39.65119,1.0635655
-122.80773,39.66991,2.8185108
-122.80944,39.676476,2.2644804
-122.789986,39.706894,1.2697377
-122.79878,39.7055,0.95762587
-122.80051,39.71207,1.4074825
-122.80087,39.71852,1.9829783
-122.8097,39.717136,1.440583
-122.80253,39.725098,1.3525497
-122.81135,39.723713,1.2922039
-122.80423,39.731663,0.9791232
-122.80606,39.738205,1.2088481
-122.807945,39.744736,1.6443363
-122.80979,39.751278,1.6521169
-122.67789,39.778793,1.938584
-122.6868,39.777405,2.0360997
-122.69572,39.77601,2.3287492
-122.81153,39.757843,2.5118408
-122.820366,39.756454,3.320387
-118.274055,40.383633,0.7926205
-122.688515,39.783962,1.5285302
-122.69743,39.782574,1.294423
-122.70638,39.781174,0.9196627
-122.80437,39.76581,0.8700876
-122.813194,39.76442,2.4298353
-122.60165,39.804333,1.0323691
-122.663734,39.794662,1.5714453
-122.69914,39.789135,1.2279813
-122.70806,39.78774,1.4231957
-122.797295,39.77376,2.4248376
-122.806076,39.772377,2.245822
-122.81492,39.77099,1.4348208
-122.82377,39.769592,0.93247783
-121.57627,39.965477,1.6871476
-122.603355,39.810905,0.9034091
-122.61222,39.809525,1.0992216
-122.69195,39.79709,1.0265911
-122.70085,39.795692,2.5716882
-122.709755,39.794308,1.9593188
-122.79018,39.78172,1.2787849
-122.79906,39.780323,2.741246
-122.80791,39.778934,2.4038622
-122.816734,39.77754,0.9356562
-110.03184,41.073227,0.9034091
-121.57791,39.97207,2.4551506
-121.586754,39.97078,1.7948802
-122.702545,39.80226,3.1702294
-122.711426,39.800877,2.476448
-122.782845,39.789703,0.8356173
-122.79184,39.788296,1.6396389
-122.80079,39.786892,3.2302117
-122.8097,39.785492,2.013678
-122.818535,39.7841,1.7296365
-122.71312,39.807438,1.5337783
-122.76661,39.799072,0.9607253
-122.77549,39.79768,2.806367
-122.78449,39.796276,2.0683057
-122.793495,39.794872,1.5630084
-122.802414,39.793472,2.6620345
-122.81139,39.792065,3.2952273
-122.714836,39.814,1.0635655
-122.759415,39.807034,3.065402
-122.76828,39.80564,4.122258
-122.77717,39.804245,3.6033711
-122.78613,39.802845,2.7500741
-122.79512,39.80144,2.2276812
-122.80407,39.80004,2.374942
-122.81307,39.798634,1.1231823
-122.6901,39.82472,1.1072724
-122.69897,39.823326,1.8055735
-122.752174,39.81499,1.7353579
-122.76104,39.8136,2.320044
-122.769905,39.81221,2.0318675
-122.70066,39.82989,1.7509251
-122.70949,39.828506,1.5161765
-122.72712,39.825726,1.3525497
-122.753815,39.821556,0.83210397
-122.702324,39.836456,2.5704515
-122.71118,39.83507,1.3935277
-122.74659,39.829506,0.7926205
-122.75546,39.828117,1.7166425
-122.79119,39.82254,1.8969921
-122.694626,39.884758,1.2444278
-122.703476,39.88338,1.1388429
-122.70517,39.889942,0.796275
-122.7141,39.88855,1.0965235
-122.71582,39.89511,1.6841497
-122.84084,39.875534,1.90545
-122.84967,39.87414,1.5337783
-122.858536,39.872746,1.3773375
-122.71751,39.901676,1.957036
-122.84255,39.882103,0.84954834
-122.860176,39.879322,1.4055008
-122.869095,39.87792,0.9196627
-122.710236,39.909634,1.2374123
-122.844284,39.888668,1.2064306
-122.87076,39.884495,1.8240161
-122.694214,39.918964,1.9455435
-122.703064,39.91758,1.0090536
-122.84602,39.895237,1.1868763
-122.87244,39.89106,1.633341
-122.88137,39.889656,1.1388429
-122.669365,39.92968,1.5914083
-122.83872,39.903214,1.1991425
-122.847725,39.901806,1.7238822
-122.874176,39.897625,0.90668106
-122.88306,39.896225,1.5424645
-122.83134,39.91119,1.0265911
-122.84039,39.909782,1.998446
-122.84945,39.90837,1.3670838
-122.87592,39.90419,0.9638152
-122.88475,39.90279,2.7700377
-122.82403,39.919155,1.1284298
-122.833015,39.91775,3.7979107
-122.877716,39.910744,1.7894902
-122.88652,39.90935,2.1239789
-122.895386,39.90795,1.3462555
-122.83479,39.924313,3.2970243
-122.84382,39.92291,1.8945624
-122.85287,39.921505,0.796275
-122.89716,39.91451,2.807832
-122.90603,39.913105,3.0023496
-122.91491,39.911705,2.2002854
-122.86225,39.9265,1.9126432
-122.871124,39.925106,1.465176
-122.90656,39.919537,2.0764513
-122.9154,39.918148,1.2674632
-122.90831,39.926098,1.6443363
-122.85674,39.941048,1.1593494
-122.910034,39.932663,2.5882363
-122.9189,39.931267,1.9066526
-122.91175,39.93923,1.2136658
-120.7663,40.262512,2.5422122
-120.775696,40.261208,4.0478487
-120.7851,40.259922,1.9466987
-122.88696,39.949966,1.0381141
-122.89583,39.94857,1.5250161
-120.78695,40.26656,3.5958543
-120.7793,40.274513,1.6222233
-120.78102,40.281185,2.9014044
-120.78262,40.287846,1.5748004
-120.77482,40.29583,2.6432266
-120.784164,40.294544,2.2560425
-120.76706,40.3038,2.3420553
-120.77644,40.3025,1.7840711
-120.68503,40.322,3.917402
-120.69469,40.32067,1.0829227
-120.76867,40.310474,1.7367833
-120.6575,40.332733,2.5177286
-120.66697,40.33142,2.3876512
-120.676575,40.33009,3.4164636
-120.68629,40.328747,2.2999732
-120.73305,40.3223,0.8107611
-120.74243,40.321007,1.3141763
-120.751785,40.31971,0.8460837
-120.760994,40.318443,1.5214896
-120.77023,40.317158,2.0093496
-120.63998,40.34206,4.4179006
-120.649445,40.340755,4.121602
-120.658875,40.33946,2.2526472
-120.743866,40.32771,3.463911
-120.75314,40.32644,1.4800148
-120.762375,40.325157,2.814156
-120.771675,40.323868,1.0663539
-120.64136,40.348793,3.6051316
-120.65081,40.347492,2.7254739
-120.75439,40.33317,4.3483305
-120.76366,40.33189,1.7676353
-120.65228,40.354214,2.1506944
-120.70887,40.34639,0.8666935
-120.71831,40.34509,2.1572633
-120.72779,40.343758,1.5613124
-120.73711,40.34248,1.0856578
-120.755684,40.339905,2.6122596
-120.689514,40.353294,1.0466701
-120.70828,40.35075,1.6474559
-120.71777,40.34946,2.859195
-120.72728,40.34816,1.7410468
-120.74592,40.34563,1.0691346
-120.70979,40.357456,2.6357193
-120.71928,40.35616,2.479841
-122.64958,40.07518,1.2651833
-120.71153,40.364132,2.405323
-122.71364,40.072098,1.1819274
-122.7225,40.070724,1.5126185
-122.7314,40.069347,1.232708
-122.74029,40.067963,0.9196627
-122.617294,40.093845,1.8810923
-122.75096,40.073128,1.7495198
-122.61009,40.10179,1.7867844
-122.61901,40.100414,1.6886432
-122.75271,40.07968,2.5918767
-122.74551,40.08763,1.2674632
-122.75444,40.08624,2.3536506
-122.756165,40.092796,2.8517501
-122.7579,40.099358,1.9042461
-122.96667,40.080288,1.2537057
-122.98623,40.084034,0.8598707
-122.98802,40.09059,1.2279813
-122.8039,40.13315,0.8035443
-122.81631,40.14487,0.8107611
-123.048874,40.10835,1.1844051
-122.81684,40.151474,1.4094602
-123.03314,40.124268,1.1205481
-123.0421,40.122845,1.2112598
-122.811554,40.16594,1.3314133
-123.04384,40.12941,1.4482147
-123.05278,40.127995,1.1231823
-123.070694,40.125156,1.5714453
-123.079666,40.123726,1.0265911
-122.75083,40.18222,2.6540985
-122.795494,40.17527,2.5383859
-122.80443,40.173878,1.5996101
-122.752556,40.188793,1.2232323
-122.779396,40.184612,1.3915182
-122.78833,40.183224,1.2256095
-122.797264,40.181828,3.2407126
-122.80618,40.180435,1.0992216
-122.79008,40.18978,0.8107611
-122.79901,40.18839,1.0801803
-122.931656,40.45967,0.9356562
-122.940674,40.458256,1.2232323
-120.17256,41.018147,2.818028
-120.19193,41.01562,4.049542
-120.20163,41.014347,1.8786235
-120.17394,41.02499,3.1186523
-120.18371,41.023712,3.9665358
-120.19352,41.022427,1.2088481
-120.20331,41.021145,1.8773869
-120.232666,41.017296,1.1099417
-120.18516,41.030552,2.2500932
-120.19513,41.02923,1.281034
-120.19653,41.03607,2.9264207
-120.219154,41.04712,1.5161765
-120.26978,41.047447,1.0523337
-120.279526,41.04615,1.7786225
-123.4569,41.145565,2.065234
-123.47488,41.142677,1.8649354
-123.45874,41.152126,0.8700876
-123.39119,41.217667,0.9699666
-123.40017,41.216244,1.2628983
-120.23615,42.12409,0.7926205
-120.23766,42.130966,0.9821569
